{
  "meta": {
    "identifier": "A003",
    "pubmed": "25515658",
    "publication_date": "2014-12-15 00:00:00",
    "arms": 2,
    "disease": "lung_cancer",
    "subjects": 312,
    "weibull_by_arm": {
      "control": {
        "scale": 36.83662021277722,
        "shape": 1.0229257341558111
      },
      "pci": {
        "scale": 45.87978467727788,
        "shape": 1.1612154024449497
      }
    },
    "weibull_max_diff": {
      "scale": 0.8028943568913627,
      "shape": 0.8809095470160244
    }
  },
  "arms": [
    {
      "events": [
        1,
        1,
        1,
        1,
        1,
        1,
        1,
        1,
        1,
        1,
        1,
        1,
        1,
        1,
        1,
        1,
        1,
        1,
        1,
        1,
        1,
        1,
        1,
        1,
        1,
        1,
        1,
        1,
        1,
        1,
        1,
        1,
        1,
        1,
        1,
        1,
        1,
        1,
        1,
        1,
        1,
        1,
        1,
        1,
        1,
        1,
        1,
        1,
        1,
        1,
        1,
        0,
        0,
        0,
        0,
        0,
        0,
        0,
        0,
        0,
        0,
        0,
        0,
        0,
        0,
        0,
        0,
        0,
        0,
        0,
        0,
        0,
        0,
        0,
        0,
        1,
        1,
        1,
        1,
        1,
        1,
        1,
        1,
        1,
        1,
        1,
        1,
        1,
        1,
        1,
        1,
        1,
        1,
        1,
        1,
        1,
        1,
        1,
        1,
        1,
        1,
        1,
        1,
        1,
        1,
        1,
        1,
        1,
        1,
        1,
        1,
        1,
        1,
        1,
        1,
        1,
        1,
        1,
        1,
        1,
        1,
        1,
        1,
        1,
        1,
        1,
        1,
        1,
        1,
        1,
        0,
        0,
        0,
        0,
        0,
        0,
        0,
        0,
        0,
        0,
        0,
        0,
        0,
        0,
        0,
        0,
        0,
        0,
        0,
        0
      ],
      "time": [
        0.901,
        1.47,
        1.87,
        2.0,
        2.21,
        2.34,
        2.67,
        2.94,
        3.34,
        3.75,
        4.55,
        5.29,
        5.42,
        5.55,
        5.68,
        5.69,
        6.16,
        6.42,
        7.62,
        8.63,
        9.69,
        10.3,
        10.4,
        11.2,
        11.6,
        12.4,
        13.8,
        14.6,
        16.0,
        17.0,
        18.5,
        19.0,
        19.5,
        20.3,
        21.1,
        21.3,
        23.6,
        25.4,
        25.5,
        25.5,
        28.5,
        29.8,
        31.4,
        32.1,
        34.4,
        35.7,
        38.7,
        41.9,
        47.0,
        49.9,
        54.9,
        1.525,
        2.995,
        4.545,
        6.885,
        7.75,
        8.575,
        9.485,
        10.35,
        11.15,
        19.45,
        20.95,
        22.45,
        37.95,
        39.95,
        44.95,
        49.95,
        51.95,
        56.85,
        59.8,
        59.8,
        59.8,
        59.8,
        59.8,
        59.8,
        1.03,
        1.76,
        3.05,
        4.34,
        4.73,
        5.2,
        5.33,
        5.59,
        5.73,
        5.92,
        6.79,
        7.39,
        7.99,
        8.73,
        9.07,
        9.66,
        11.5,
        12.8,
        13.6,
        14.1,
        15.5,
        15.9,
        16.8,
        17.7,
        18.2,
        19.0,
        19.7,
        20.3,
        21.8,
        22.0,
        22.4,
        22.5,
        22.6,
        23.4,
        24.4,
        25.3,
        25.8,
        27.3,
        28.0,
        28.8,
        30.2,
        31.0,
        32.7,
        33.2,
        33.8,
        34.0,
        36.5,
        37.1,
        39.2,
        41.5,
        44.5,
        45.3,
        50.5,
        53.9,
        58.4,
        37.95,
        39.95,
        44.95,
        49.45,
        50.95,
        52.45,
        55.85,
        57.65,
        59.5,
        59.5,
        59.5,
        59.5,
        59.5,
        59.5,
        59.5,
        59.5,
        59.5,
        59.5,
        59.5,
        59.5
      ],
      "arm_name": "control"
    },
    {
      "events": [
        1,
        1,
        1,
        1,
        1,
        1,
        1,
        1,
        1,
        1,
        1,
        1,
        1,
        1,
        1,
        1,
        1,
        1,
        1,
        1,
        1,
        1,
        1,
        1,
        1,
        1,
        1,
        1,
        1,
        1,
        1,
        1,
        1,
        1,
        1,
        1,
        1,
        1,
        1,
        1,
        1,
        1,
        1,
        1,
        1,
        1,
        1,
        1,
        1,
        1,
        0,
        0,
        0,
        0,
        0,
        0,
        0,
        0,
        0,
        0,
        0,
        0,
        0,
        0,
        0,
        0,
        0,
        0,
        0,
        0,
        0,
        0,
        0,
        0,
        0,
        0,
        0,
        0,
        0,
        0,
        0,
        1,
        1,
        1,
        1,
        1,
        1,
        1,
        1,
        1,
        1,
        1,
        1,
        1,
        1,
        1,
        1,
        1,
        1,
        1,
        1,
        1,
        1,
        1,
        1,
        1,
        1,
        1,
        1,
        1,
        1,
        1,
        1,
        1,
        1,
        1,
        1,
        1,
        1,
        1,
        1,
        1,
        1,
        1,
        1,
        1,
        1,
        1,
        1,
        1,
        1,
        1,
        1,
        1,
        1,
        0,
        0,
        0,
        0,
        0,
        0,
        0,
        0,
        0,
        0,
        0,
        0,
        0,
        0,
        0,
        0,
        0,
        0,
        0,
        0,
        0,
        0,
        0,
        0,
        0,
        0,
        0
      ],