{
  "arm_names": [
    "control",
    "pci"
  ],
  "curves": [
    {
      "time": [
        0.901,
        1.47,
        1.525,
        1.87,
        2.0,
        2.21,
        2.34,
        2.67,
        2.94,
        2.995,
        3.34,
        3.75,
        4.545,
        4.55,
        5.29,
        5.42,
        5.55,
        5.68,
        5.69,
        6.16,
        6.42,
        6.885,
        7.62,
        7.75,
        8.575,
        8.63,
        9.485,
        9.69,
        10.3,
        10.35,
        10.4,
        11.15,
        11.2,
        11.6,
        12.4,
        13.8,
        14.6,
        16.0,
        17.0,
        18.5,
        19.0,
        19.45,
        19.5,
        20.3,
        20.95,
        21.1,
        21.3,
        22.45,
        23.6,
        25.4,
        25.5,
        28.5,
        29.8,
        31.4,
        32.1,
        34.4,
        35.7,
        37.95,
        38.7,
        39.95,
        41.9,
        44.95,
        47.0,
        49.9,
        49.95,
        51.95,
        54.9,
        56.85,
        59.8
      ],
      "probability": [
        0.9866666666666667,
        0.9733333333333334,
        0.9733333333333334,
        0.9598148148148149,
        0.9462962962962964,
        0.9327777777777779,
        0.9192592592592594,
        0.905740740740741,
        0.8922222222222224,
        0.8922222222222224,
        0.8784957264957267,
        0.864769230769231,
        0.864769230769231,
        0.8508213399503725,
        0.8368734491315138,
        0.8229255583126552,
        0.8089776674937967,
        0.7950297766749381,
        0.7810818858560795,
        0.7671339950372209,
        0.7531861042183623,
        0.7531861042183623,
        0.7389750456482045,
        0.7389750456482045,
        0.7389750456482045,
        0.7241955447352404,
        0.7241955447352404,
        0.7091081375532562,
        0.694020730371272,
        0.694020730371272,
        0.6785980474741325,
        0.6785980474741325,
        0.6628166975328736,
        0.6470353475916147,
        0.6312539976503558,
        0.6154726477090969,
        0.599691297767838,
        0.5839099478265791,
        0.5681285978853202,
        0.5523472479440613,
        0.5365658980028024,
        0.5365658980028024,
        0.5203063253360508,
        0.5040467526692992,
        0.5040467526692992,
        0.48724519424698925,
        0.4704436358246793,
        0.4704436358246793,
        0.4530197974608023,
        0.4355959590969253,
        0.40074828236917126,
        0.38332444400529425,
        0.36590060564141724,
        0.34847676727754023,
        0.3310529289136632,
        0.3136290905497862,
        0.2962052521859092,
        0.2962052521859092,
        0.2776924239242899,
        0.2776924239242899,
        0.25785725078684063,
        0.25785725078684063,
        0.2363691465546039,
        0.21488104232236716,
        0.21488104232236716,
        0.21488104232236716,
        0.18802091203207127,
        0.18802091203207127,
        0.18802091203207127
      ],
      "interval": [
        [
          0.9091070893514753,
          0.9981110006856844
        ],
        [
          0.8975584509373742,
          0.9932632718159407
        ],
        [
          0.8975584509373742,
          0.9932632718159407
        ],
        [
          0.8805646790183566,
          0.9868612097482912
        ],
        [
          0.8631993847129207,
          0.9795006429003343
        ],
        [
          0.8459985973233874,
          0.9714592172006247
        ],
        [
          0.8290650472678331,
          0.9628972652927222
        ],
        [
          0.8124067223454714,
          0.9539175685611053
        ],
        [
          0.7960076863596977,
          0.9445908152819803
        ],
        [
          0.7960076863596977,
          0.9445908152819803
        ],
        [
          0.7794762849447319,
          0.9348581818503234
        ],
        [
          0.7631929844528756,
          0.924858746024223
        ],
        [
          0.7631929844528756,
          0.924858746024223
        ],
        [
          0.746761018335388,
          0.9144994114019264
        ],
        [
          0.7305553295516907,
          0.9039204634032402
        ],
        [
          0.714553701537648,
          0.8931428065095638
        ],
        [
          0.698738175211325,
          0.8821835607018573
        ],
        [
          0.6830939856966013,
          0.8710569415172194
        ],
        [
          0.6676088270360468,
          0.8597748904918043
        ],
        [
          0.6522723272870672,
          0.8483475374810784
        ],
        [
          0.6370756638578597,
          0.8367835466026167
        ],
        [
          0.6370756638578597,
          0.8367835466026167
        ],
        [
          0.6216360466165928,
          0.8249181129484879
        ],
        [
          0.6216360466165928,
          0.8249181129484879
        ],
        [
          0.6216360466165928,
          0.8249181129484879
        ],
        [
          0.6055278474933726,
          0.8125517627442035
        ],
        [
          0.6055278474933726,
          0.8125517627442035
        ],
        [
          0.5891473799837198,
          0.7998463575724969
        ],
        [
          0.5729393929663049,
          0.7870008022862863
        ],
        [
          0.5729393929663049,
          0.7870008022862863
        ],
        [
          0.5564283478107178,
          0.7737984747770961
        ],
        [
          0.5564283478107178,
          0.7737984747770961
        ],
        [
          0.5395940307209585,
          0.7602198276376408
        ],
        [
          0.522942445039939,
          0.7464984341158954
        ],
        [
          0.506464201350525,
          0.73263913121306
        ],
        [
          0.4901513990336568,
          0.7186460673478898
        ],
        [
          0.4739973845149585,
          0.7045227858703293
        ],
        [
          0.45799656336191746,
          0.6902722916940449
        ],
        [
          0.44214425322150225,
          0.6758971044899327
        ],
        [
          0.42643656823947446,
          0.6613993009754988
        ],
        [
          0.4108703281544329,
          0.6467805481772648
        ],
        [
          0.4108703281544329,
          0.6467805481772648
        ],
        [
          0.39484704350164423,
          0.6316969422372627
        ],
        [
          0.3789813878675262,
          0.6164825871186828
        ],
        [
          0.3789813878675262,
          0.6164825871186828
        ],
        [
          0.3626025850468965,
          0.600747173329599
        ],
        [
          0.34640214644527034,
          0.584867451853583
        ],
        [
          0.34640214644527034,
          0.584867451853583
        ],
        [
          0.3296187128806701,
          0.5683957536935199
        ],
        [
          0.3130410384281204,
          0.551760982968141
        ],
        [
          0.28049673802277786,
          0.5179993149361984
        ],
        [
          0.2645296954751635,
          0.5008692620100561
        ],
        [
          0.24876756732795333,
          0.483569764545519
        ],
        [
          0.2332128639366427,
          0.4660973773909737
        ],
        [
          0.2178692689402929,
          0.4484477908864118
        ],
        [
          0.202741736317496,
          0.43061572994058955
        ],
        [
          0.18783662718118896,
          0.41259482271147213
        ],
        [
          0.18783662718118896,
          0.41259482271147213
        ],
        [
          0.17197882505009793,
          0.3935638806531718
        ],
        [
          0.17197882505009793,
          0.3935638806531718
        ],
        [
          0.15498720471046382,
          0.37333413248101777
        ],
        [
          0.15498720471046382,
