{
  "arm_names": [
    "mut_b",
    "mut_c"
  ],
  "curves": [
    {
      "time": [
        1.2,
        1.7,
        1.9,
        1.97,
        1.98,
        2.04,
        2.31,
        2.45,
        3.21,
        3.67,
        3.7,
        3.73,
        3.84,
        3.85,
        3.9,
        4.01,
        4.15,
        4.55,
        5.74,
        5.84,
        6.14,
        6.22,
        7.79,
        8.01,
        8.1,
        8.17,
        11.9,
        15.15
      ],
      "probability": [
        0.9705882352941176,
        0.9411764705882353,
        0.9117647058823529,
        0.8529411764705883,
        0.823529411764706,
        0.7941176470588236,
        0.7647058823529412,
        0.7647058823529412,
        0.7341176470588235,
        0.703529411764706,
        0.6729411764705884,
        0.6117647058823531,
        0.5505882352941178,
        0.5200000000000001,
        0.4588235294117648,
        0.3976470588235295,
        0.3670588235294119,
        0.3364705882352942,
        0.30588235294117655,
        0.2752941176470589,
        0.24470588235294125,
        0.21411764705882358,
        0.18352941176470594,
        0.1529411764705883,
        0.09176470588235298,
        0.06117647058823533,
        0.030588235294117666,
        0.030588235294117666
      ],
      "interval": [
        [
          0.8090102101527352,
          0.9958039415054205
        ],
        [
          0.7846988574201051,
          0.9849554592235289
        ],
        [
          0.7508681998211024,
          0.9706586771975845
        ],
        [
          0.6821462609779891,
          0.935994218199443
        ],
        [
          0.6487475895282214,
          0.9165697978065235
        ],
        [
          0.616102352463399,
          0.8960866061759565
        ],
        [
          0.5841835815202295,
          0.8746954900936574
        ],
        [
          0.5841835815202295,
          0.8746954900936574
        ],
        [
          0.5510712591666334,
          0.8518698966167967
        ],
        [
          0.5188142535040817,
          0.8282520468136504
        ],
        [
          0.48733450553634666,
          0.8039087439807794
        ],
        [
          0.4264957212607047,
          0.7532350366102623
        ],
        [
          0.36826534298876173,
          0.7001183513866451
        ],
        [
          0.3400818466366057,
          0.6726907145424491
        ],
        [
          0.2855502686781192,
          0.6161335375051373
        ],
        [
          0.23350574692999435,
          0.5572880860381978
        ],
        [
          0.2084570610260152,
          0.5269773909258458
        ],
        [
          0.184095367381153,
          0.4960448751999063
        ],
        [
          0.1604618573602785,
          0.4644573100116941
        ],
        [
          0.13761103888066845,
          0.43217026106753936
        ],
        [
          0.11561492031121406,
          0.39912473961327916
        ],
        [
          0.09456949197246296,
          0.36524209632217286
        ],
        [
          0.07460514071599524,
          0.33041603618890153
        ],
        [
          0.05590425342880522,
          0.2944997460191484
        ],
        [
          0.023504535596578714,
          0.21846653949961087
        ],
        [
          0.010918978380231068,
          0.17761645341096563
        ],
        [
          0.002325069545034547,
          0.13462003288334806
        ],
        [
          0.002325069545034547,
          0.13462003288334806
        ]
      ]
    },
    {
      "time": [
        1.6,
        1.62,
        1.665,
        1.85,
        1.87,
        1.95,
        1.96,
        3.24,
        3.33,
        3.48,
        3.62,
        3.65,
        3.73,
        3.75,
        3.93,
        4.02,
        5.65,
        5.96,
        5.98,
        6.04,
        6.06,
        6.19,
        8.0,
        8.11,
        10.3,
        11.95
      ],
      "probability": [
        0.9696969696969697,
        0.9393939393939394,
        0.9393939393939394,
        0.8454545454545456,
        0.782828282828283,
        0.7202020202020204,
        0.6888888888888891,
        0.6575757575757578,
        0.6575757575757578,
        0.6246969696969699,
        0.5589393939393941,
        0.5260606060606062,
        0.49318181818181833,
        0.4274242424242426,
        0.3945454545454547,
        0.3616666666666668,
        0.3287878787878789,
        0.295909090909091,
        0.23015151515151525,
        0.19727272727272738,
        0.16439393939393948,
        0.13151515151515158,
        0.09863636363636369,
        0.0657575757575758,
        0.0328787878787879,
        0.0328787878787879
      ],
      "interval": [
        [
          0.8037499266178247,
          0.9956751112043409
        ],
        [
          0.778769463621377,
          0.9844888904467427
        ],
        [
          0.778769463621377,
          0.9844888904467427
        ],
        [
          0.6676261806561405,
          0.9326197615054694
        ],
        [
          0.5975816019752778,
          0.8900891219200632
        ],
        [
          0.5309692768075893,
          0.8435155802010815
        ],
        [
          0.4988102342035897,
          0.818988634398333
        ],
        [
          0.46735880199405533,
          0.7937262122916063
        ],
        [
          0.46735880199405533,
          0.7937262122916063
        ],
        [
          0.43437287482821274,
          0.7668483541820567
        ],
        [
          0.37095488121483905,
          0.7108937769843032
        ],
        [
          0.34044345462473646,
          0.6818671209841691
        ],
        [
          0.3107016331476715,
          0.652158949527634
        ],
        [
          0.25350972310229697,
          0.5907035338753623
        ],
        [
          0.22607740854926053,
          0.5589390435772966
        ],
        [
          0.19945092604759426,
          0.5264574355362759
        ],
        [
          0.1736684289812893,
          0.4932265994609203
        ],
        [
          0.14878354919110834,
          0.459201722986606
        ],
        [
          0.10202683728615569,
          0.38850398288901844
        ],
        [
          0.08039266438727768,
          0.3516353351317268
        ],
        [
          0.060161360223781706,
          0.3135584696376327
        ],
        [
          0.04161777376419879,
          0.27404845514061515
        ],
        [
          0.025204923233049847,
          0.23277502457925522
        ],
        [
          0.011674304485448735,
          0.1892658879443596
        ],
        [
          0.002470348025982119,
          0.14334195940930936
        ],
        [
          0.002470348025982119,
          0.14334195940930936
        ]
      ]
    }
  ],
  "time_scale": "Months"
}