{
  "meta": {
    "identifier": "ACT2",
    "pubmed": "26483047",
    "publication_date": "2015-10-19 00:00:00",
    "arms": 4,
    "disease": "colorectal_cancer",
    "subjects": 276,
    "weibull_by_arm": {
      "mut_b": {
        "scale": 20.030448516153264,
        "shape": 0.939553845634075
      },
      "mut_c": {
        "scale": 16.57157286512814,
        "shape": 1.0747471533432331
      },
      "wt_b": {
        "scale": 19.94243792038846,
        "shape": 0.9188916514917906
      },
      "wt_be": {
        "scale": 15.346021556517229,
        "shape": 1.1174910410392223
      }
    },
    "weibull_max_diff": 0.8152314913439899,
    "time_scale": "Months",
    "title": "Avastin and Chemotherapy Followed by a KRAS Stratified Randomization to Maintenance Treatment for First Line Treatment of Metastatic Colorectal Cancer.",
    "condition_list": [
      "Colorectal Cancer"
    ]
  },
  "arms": [
    {
      "events": [
        1,
        1,
        1,
        1,
        1,
        1,
        1,
        1,
        1,
        1,
        1,
        1,
        1,
        1,
        1,
        1,
        1,
        1,
        1,
        1,
        1,
        1,
        1,
        1,
        1,
        1,
        1,
        1,
        1,
        1,
        1,
        1,
        0,
        0,
        1,
        1,
        1,
        1,
        1,
        1,
        1,
        1,
        1,
        1,
        1,
        1,
        1,
        1,
        1,
        1,
        1,
        1,
        1,
        0,
        0,
        0,
        0,
        0,
        0,
        0,
        0,
        0,
        0,
        0,
        0,
        0,
        0,
        0
      ],
      "time": [
        1.2,
        1.7,
        1.9,
        1.97,
        1.97,
        1.98,
        2.04,
        2.31,
        3.21,
        3.67,
        3.7,
        3.73,
        3.73,
        3.84,
        3.84,
        3.85,
        3.9,
        3.9,
        4.01,
        4.01,
        4.15,
        4.55,
        5.74,
        5.84,
        6.14,
        6.22,
        7.79,
        8.01,
        8.1,
        8.1,
        8.17,
        11.9,
        2.45,
        15.15,
        8.51,
        11.6,
        12.0,
        14.0,
        14.6,
        16.5,
        17.8,
        18.7,
        19.6,
        19.6,
        20.5,
        20.8,
        21.4,
        22.0,
        23.8,
        25.3,
        26.6,
        28.1,
        30.9,
        21.75,
        23.3,
        26.35,
        27.55,
        28.65,
        30.95,
        31.95,
        33.05,
        33.85,
        36.15,
        37.35,
        38.5,
        39.7,
        39.7,
        39.7
      ],
      "arm_name": "mut_b"
    },
    {
      "events": [
        1,
        1,
        1,
        1,
        1,
        1,
        1,
        1,
        1,
        1,
        1,
        1,
        1,
        1,
        1,
        1,
        1,
        1,
        1,
        1,
        1,
        1,
        1,
        1,
        1,
        1,
        1,
        1,
        1,
        1,
        0,
        0,
        0,
        1,
        1,
        1,
        1,
        1,
        1,
        1,
        1,
        1,
        1,
        1,
        1,
        1,
        1,
        1,
        1,
        1,
        1,
        1,
        1,
        1,
        1,
        1,
        1,
        1,
        1,
        1,
        0,
        0,
        0,
        0,
        0,
        0
      ],
      "time": [
        1.6,
        1.62,
        1.85,
        1.85,
        1.85,
        1.87,
        1.87,
        1.95,
        1.95,
        1.96,
        3.24,
        3.48,
        3.62,
        3.62,
        3.65,
        3.73,
        3.75,
        3.75,
        3.93,
        4.02,
        5.65,
        5.96,
        5.98,
        5.98,
        6.04,
        6.06,
        6.19,
        8.0,
        8.11,
        10.3,
        1.665,
        3.33,
        11.95,
        7.92,
        8.16,
        8.73,
        9.16,
        11.1,
        14.0,
        14.3,
        18.0,
        19.2,
        19.5,
        20.0,
        20.1,
        25.1,
        25.3,
        27.8,
        28.1,
        28.7,
        29.3,
        29.7,
        29.8,
        29.9,
        31.0,
        31.8,
        31.9,
        32.1,
        36.4,
        39.7,
        16.65,
        18.35,
        26.65,
        28.35,
        32.45,
        39.9
      ],
      "arm_name": "mut_c"
    },
    {
      "events": [
        1,
        1,
        1,
        1,
        1,
        1,
        1,
        1,
        1,
        1,
        1,
        1,
        1,
        1,
        1,
        1,
        1,
        1,
        1,
        1,
        1,
        1,
        1,
        0,
        0,
        0,
        0,
        0,
        0,
        0,
        0,
        0,
        0,
        0,
        0,
        1,
        1,
        1,
        1,
        1,
        1,
        1,
        1,
        1,
        1,
        1,
        1,
        1,
        1,
        1,
        1,
        1,
        1,
        1,
        1,
        1,
        1,
        1,
        1,
        1,
        1,
        1,
        1,
        1,
        1,
        1,
        0,
        0,
        0,
        0
      ],
      "time": [
        7.53,
        7.53,
        8.5,
        10.5,
        11.1,
        12.3,
        13.1,
        13.9,
        14.3,
        15.1,
        15.8,
        18.5,
        21.5,
        23.4,
        24.1,
        24.6,
        27.4,
        30.6,
        30.9,
        31.1,
        31.6,
        34.0,
        35.2,
        22.45,
        26.8,
        28.35,
        30.95,
        31.8,
        32.6,
        33.4,
        34.15,
        36.55,
        38.15,
        39.8,
        39.8,
        1.64,
        1.64,
        1.64,
        1.64,
        1.89,
        1.89,
        1.89,
        1.89,
        1.93,
        1.93,
        2.74,
        2.74,
        3.35,
        3.41,
        3.48,
        3.54,
        3.58,
        3.59,
        3.65,
        3.73,
        3.86,
        3.86,
        3.86,
        4.29,
        4.56,
        6.03,
        6.03,
        7.98,
        12.4,
        16.4,
        20.5,
        16.65,
        18.35,
        22.45,
        26.45
      ],
      "arm_name": "wt_b"
    },
    {
      "events": [
        1,
        1,
        1,
        1,
        1,
        1,
        1,
        1,
        1,
        1,
        1,
        1,
        1,
        1,
        1,
        1,
        1,
        1,
        1,
        1,
        1,
        1,
        1,
        1,
        1,
        1,
        1,
        1,
        1,
        1,
        0,
        0,
        0,
        0,
        0,
        0,
        1,
        1,
        1,
        1,
        1,
        1,
        1,
        1,
        1,
        1,
        1,
        1,
        1,
        1,
        1,
        1,
        1,
        1,
        1,
        1,
        1,
        1,
        1,
        1,
        1,
        1,
        1,
        1,
        1,
        1,
        1,
        0,
        0,
        0,
        0,
        0
      ],