{
  "arm_names": [
    "bev_ct",
    "ct"
  ],
  "curves": [
    {
      "time": [
        0.0348,
        0.456,
        0.608,
        0.824,
        0.986,
        1.33,
        1.37,
        1.41,
        1.45,
        1.48,
        1.54,
        1.57,
        1.61,
        1.66,
        1.71,
        1.75,
        1.84,
        1.88,
        1.97,
        2.01,
        2.04,
        2.1,
        2.46,
        2.62,
        2.69,
        3.43,
        3.47,
        3.59,
        3.68,
        3.87,
        4.09,
        4.38,
        4.44,
        4.83,
        5.06,
        5.25,
        5.59,
        5.73,
        6.21,
        6.75,
        7.0,
        7.05,
        7.34,
        7.44,
        7.56,
        8.02,
        8.38,
        8.44,
        8.76,
        8.9,
        8.92,
        8.97,
        9.04,
        9.11,
        9.16,
        9.22,
        9.37,
        9.58,
        9.74,
        9.85,
        10.1,
        10.2,
        10.4,
        10.6,
        10.8,
        11.2,
        11.4,
        12.1,
        12.4,
        12.7,
        13.5,
        13.7,
        15.5,
        15.9,
        20.95
      ],
      "probability": [
        0.9891304347826086,
        0.9782608695652174,
        0.9673913043478262,
        0.9565217391304348,
        0.9456521739130436,
        0.9347826086956523,
        0.923913043478261,
        0.9130434782608697,
        0.9021739130434785,
        0.8913043478260871,
        0.8804347826086958,
        0.8586956521739132,
        0.847826086956522,
        0.8369565217391307,
        0.8260869565217394,
        0.815217391304348,
        0.8043478260869568,
        0.7934782608695655,
        0.7826086956521742,
        0.7717391304347829,
        0.7608695652173917,
        0.7391304347826091,
        0.7282608695652178,
        0.7173913043478265,
        0.7065217391304351,
        0.6956521739130439,
        0.6847826086956526,
        0.6739130434782613,
        0.66304347826087,
        0.6521739130434786,
        0.6413043478260873,
        0.630434782608696,
        0.6195652173913047,
        0.6086956521739133,
        0.5869565217391307,
        0.5652173913043481,
        0.5543478260869568,
        0.5326086956521742,
        0.5108695652173916,
        0.489130434782609,
        0.47826086956521763,
        0.46739130434782633,
        0.456521739130435,
        0.4456521739130437,
        0.4347826086956524,
        0.4021739130434785,
        0.38043478260869584,
        0.36956521739130455,
        0.35869565217391325,
        0.34782608695652195,
        0.33695652173913065,
        0.32608695652173936,
        0.31521739130434806,
        0.30434782608695676,
        0.29347826086956547,
        0.28260869565217417,
        0.27173913043478287,
        0.2608695652173916,
        0.2500000000000003,
        0.21739130434782633,
        0.206521739130435,
        0.1956521739130437,
        0.16304347826086976,
        0.15217391304347844,
        0.1413043478260871,
        0.11956521739130448,
        0.09782608695652184,
        0.08695652173913052,
        0.0652173913043479,
        0.05434782608695658,
        0.04347826086956527,
        0.032608695652173954,
        0.02173913043478264,
        0.01086956521739132,
        0.01086956521739132
      ],
      "interval": [
        [
          0.925346507708041,
          0.9984616923646605
        ],
        [
          0.9158673393488149,
          0.9945183596670746
        ],
        [
          0.9023109877922598,
          0.9893652106995916
        ],
        [
          0.8882987165716543,
          0.9834561830340764
        ],
        [
          0.87435411819686,
          0.9770119961049604
        ],
        [
          0.8605884280126485,
          0.9701601458303623
        ],
        [
          0.8470199566900997,
          0.9629823914115643
        ],
        [
          0.8336417639836243,
          0.9555349854432962
        ],
        [
          0.8204402480775487,
          0.9478586463331922
        ],
        [
          0.8074009304336509,
          0.9399840011035407
        ],
        [
          0.7945102913476696,
          0.9319347887607313
        ],
        [
          0.769128273119815,
          0.9153844777312716
        ],
        [
          0.7566170814148357,
          0.9069112153930745
        ],
        [
          0.7442146435824003,
          0.8983205669760924
        ],
        [
          0.731913928247103,
          0.8896214001125275
        ],
        [
          0.7197087720544064,
          0.8808212844376387
        ],
        [
          0.7075937525153613,
          0.8719267391792406
        ],
        [
          0.6955640808724421,
          0.8629434224672974
        ],
        [
          0.6836155124957479,
          0.8538762783250711
        ],
        [
          0.6717442720915695,
          0.8447296523700151
        ],
        [
          0.659946991218787,
          0.8355073840010737
        ],
        [
          0.6365625629327446,
          0.816849178222849
        ],
        [
          0.6249702822224401,
          0.8074189906039495
        ],
        [
          0.6134416259468118,
          0.7979247507372786
        ],
        [
          0.6019746215700643,
          0.7883686447624279
        ],
        [
          0.5905674891223858,
          0.7787526406785577
        ],
        [
          0.5792186217012253,
          0.7690785125161588
        ],
        [
          0.5679265687287344,
          0.7593478608304566
        ],
        [
          0.5566900215378857,
          0.7495621301543303
        ],
        [
          0.5455078009367229,
          0.7397226239190355
        ],
        [
          0.5343788464623304,
          0.7298305172506389
        ],
        [
          0.5233022070865248,
          0.7198868679716177
        ],
        [
          0.5122770331763281,
          0.7098926260752221
        ],
        [
          0.5013025695459116,
          0.6998486418910058
        ],
        [
          0.4795031895067864,
          0.6796143908902398
        ],
        [
          0.45789970706916344,
          0.6591891680674199
        ],
        [
          0.4471703979721872,
          0.6489061798478403
        ],
        [
          0.42585520307967906,
          0.6282012999570001
        ],
        [
          0.40473009873453264,
          0.6073129034583786
        ],
        [
          0.38379462318888574,
          0.5862421234739589
        ],
        [
          0.3733981321366423,
          0.575638421288884
        ],
        [
          0.36304934009373596,
          0.5649890974670124
        ],
        [
          0.35274847986279073,
          0.5542940139222798
        ],
        [
          0.34249585149362316,
          0.5435529690769353
        ],
        [
          0.3322918242735718,
          0.5327656963987949
        ],
        [
          0.3019761373925946,
          0.5001228274452482
        ],
        [
          0.28201884063033317,
          0.47812175170866256
        ],
        [
          0.27211844217950765,
          0.46704756541486997
        ],
        [
          0.26227145580847294,
          0.45592323390570694
        ],
        [
          0.25247894932160814,
          0.44474785185815935
        ],
        [
          0.2427421082850366,
          0.4335204081748959
        ],
        [
          0.23306224668987832,
          0.42223977679654406
        ],
        [
          0.2234408193216166,
          0.4109047060279655
        ],
        [
          0.21387943613841776,
          0.3995138061202125
        ],
        [
          0.2043798790312892,
          0.3880655347905334
        ],
        [
          0.19494412142790732,
          0.3765581802877204
        ],
        [
          0.1855743513158649,
          0.36498984151434444
        ],
        [
          0.17627299840831034,
          0.35335840459418016
        ],
        [
