{
  "arm_names": [
    "control",
    "experimental"
  ],
  "curves": [
    {
      "time": [
        0.56,
        0.682,
        1.7,
        1.86,
        2.01,
        2.05,
        2.24,
        2.32,
        2.71,
        2.78,
        2.85,
        3.39,
        3.81,
        4.16,
        4.76,
        5.81,
        5.87,
        6.29,
        6.82,
        6.95,
        7.55,
        8.53,
        9.26,
        9.5,
        10.1,
        11.0,
        13.45,
        15.45,
        16.0,
        16.45
      ],
      "probability": [
        0.967741935483871,
        0.935483870967742,
        0.903225806451613,
        0.870967741935484,
        0.838709677419355,
        0.806451612903226,
        0.741935483870968,
        0.709677419354839,
        0.67741935483871,
        0.6451612903225808,
        0.6129032258064517,
        0.5806451612903227,
        0.5483870967741937,
        0.5161290322580647,
        0.48387096774193566,
        0.4516129032258066,
        0.4193548387096776,
        0.3870967741935486,
        0.35483870967741954,
        0.3225806451612905,
        0.2903225806451614,
        0.25806451612903236,
        0.2258064516129033,
        0.19354838709677427,
        0.16129032258064524,
        0.1290322580645162,
        0.1290322580645162,
        0.1290322580645162,
        0.0645161290322581,
        0.0645161290322581
      ],
      "interval": [
        [
          0.7923138163527395,
          0.9953921653263806
        ],
        [
          0.7658799549719183,
          0.9834631868063624
        ],
        [
          0.7292501229490249,
          0.9677213776510308
        ],
        [
          0.6918570366217124,
          0.9495093631408944
        ],
        [
          0.6550389286655006,
          0.9294819583403808
        ],
        [
          0.619060916534462,
          0.9080171377374137
        ],
        [
          0.5496857259431877,
          0.8616624354900396
        ],
        [
          0.5162176240324972,
          0.8370529009820814
        ],
        [
          0.4835091865786582,
          0.8116122735003856
        ],
        [
          0.451527140969428,
          0.7854034100534605
        ],
        [
          0.420245386021214,
          0.7584729395221127
        ],
        [
          0.3896449272969688,
          0.7308549721365732
        ],
        [
          0.35971357610752236,
          0.7025735001683523
        ],
        [
          0.33044570425333375,
          0.6736439320655785
        ],
        [
          0.3018421728606882,
          0.6440740095296041
        ],
        [
          0.2739104971696081,
          0.6138642437232984
        ],
        [
          0.24666530159368147,
          0.5830079321708157
        ],
        [
          0.22012913814934276,
          0.5514907596868525
        ],
        [
          0.19433378258809852,
          0.5192899298227746
        ],
        [
          0.16932219382770722,
          0.4863727036661661
        ],
        [
          0.14515144409306635,
          0.45269412149702926
        ],
        [
          0.12189714307115371,
          0.41819351830665963
        ],
        [
          0.09966028215628205,
          0.3827891580751446
        ],
        [
          0.07857822376118052,
          0.3463697913980012
        ],
        [
          0.05884326540645081,
          0.3087809802581164
        ],
        [
          0.04073618490356807,
          0.269802393784456
        ],
        [
          0.04073618490356807,
          0.269802393784456
        ],
        [
          0.04073618490356807,
          0.269802393784456
        ],
        [
          0.006582626206261872,
          0.22414423918270768
        ],
        [
          0.006582626206261872,
          0.22414423918270768
        ]
      ]
    },
    {
      "time": [
        0.6765,
        1.04,
        1.06,
        1.09,
        1.1,
        1.33,
        1.34,
        1.35,
        1.43,
        1.48,
        1.49,
        1.55,
        1.62,
        1.63,
        1.74,
        1.79,
        1.86,
        1.96,
        1.99,
        2.02,
        2.03,
        2.08,
        2.14,
        2.19,
        2.24,
        2.26,
        2.27,
        2.32,
        2.43,
        2.5,
        2.59,
        2.61,
        2.64,
        2.7,
        2.74,
        2.78,
        2.95,
        3.05,
        3.06,
        3.33,
        3.45,
        3.47,
        3.57,
        3.78,
        3.79,
        3.89,
        3.9,
        3.99,
        4.14,
        4.28,
        4.6,
        4.655,
        5.03,
        5.32,
        5.34,
        5.6,
        5.89,
        6.36,
        6.42,
        7.06,
        7.15,
        7.16,
        7.6,
        8.11,
        8.33,
        8.62,
        8.81,
        8.95,
        9.0,
        9.66,
        10.5,
        10.9,
        11.0,
        11.8,
        12.8,
        13.8,
        14.5,
        14.9,
        14.95,
        16.6,
        17.0,
        18.6,
        20.3,
        21.7,
        21.8,
        22.1,
        24.0
      ],
      "probability": [
        1.0,
        0.9891304347826086,
        0.9782608695652174,
        0.9673913043478262,
        0.9456521739130435,
        0.9347826086956522,
        0.9347826086956522,
        0.9127877237851663,
        0.9017902813299232,
        0.8907928388746803,
        0.8797953964194373,
        0.8687979539641943,
        0.8578005115089514,
        0.8468030690537085,
        0.8358056265984656,
        0.8248081841432225,
        0.8138107416879796,
        0.7918158567774938,
        0.7918158567774938,
        0.7806635207665432,
        0.758358848744642,
        0.7472065127336914,
        0.7360541767227408,
        0.7249018407117902,
        0.7137495047008396,
        0.702597168689889,
        0.6914448326789384,
        0.6802924966679879,
        0.6691401606570372,
        0.6579878246460865,
        0.646835488635136,
        0.6356831526241853,
        0.6356831526241853,
        0.6243316677558962,
        0.6129801828876071,
        0.6016286980193182,
        0.5902772131510291,
        0.57892572828274,
        0.567574243414451,
        0.567574243414451,
        0.5559910955896662,
        0.5444079477648814,
        0.5328247999400967,
        0.5212416521153119,
        0.4980753564657425,
        0.48649220864095777,
        0.47490906081617307,
        0.47490906081617307,
        0.46303633429576874,
        0.4511636077753644,
        0.4392908812549601,
        0.4392908812549601,
        0.4270883567756556,
        0.4270883567756556,
        0.4145269345175481,
        0.40196551225944055,
        0.389404090001333,
        0.3768426677432255,
        0.364281245485118,
        0.35171982322701045,
        0.33915840096890293,
        0.3265969787107954,
        0.3140355564526879,
        0.30147413419458036,
        0.28891271193647283,
        0.2763512896783653,
        0.2637898674202578,
        0.25122844516215026,
        0.25122844516215026,
        0.23800589541677394,
        0.2247833456713976,
        0.21156079592602126,
        0.19833824618064494,
        0.18511569643526862,
        0.1718931466898923,
        0.158670596944516,
        0.14544804719913965,
        0.1322254974537633,
        0.1322254974537633,
        0.11753377551445626,
        0.10284205357514922,
        0.0881503316358422,
        0.07345860969653517,
        0.05876688775722814,
        0.044075165817921105,
        0.029383443878614073,
        0.029383443878614073
      ],