{
  "meta": {
    "identifier": "Chronicle",
    "pubmed": "24718885",
    "publication_date": "2014-04-08 00:00:00",
    "arms": 2,
    "disease": "colorectal_cancer",
    "subjects": 226,
    "weibull_by_arm": {
      "capecitabine_oxaliplatin": {
        "scale": 236.62918691746066,
        "shape": 0.9283330049079543
      },
      "follow_up_only": {
        "scale": 295.3138474853679,
        "shape": 0.7875916103290566
      }
    },
    "weibull_max_diff": {
      "scale": 0.8012803630184835,
      "shape": 0.8483934171953172
    },
    "time_scale": "Months"
  },
  "arms": [
    {
      "events": [
        1,
        1,
        1,
        1,
        1,
        1,
        1,
        1,
        0,
        0,
        0,
        0,
        0,
        0,
        0,
        0,
        0,
        0,
        0,
        0,
        0,
        0,
        0,
        0,
        0,
        0,
        0,
        0,
        0,
        0,
        0,
        0,
        0,
        0,
        0,
        0,
        0,
        0,
        0,
        0,
        0,
        0,
        0,
        0,
        0,
        0,
        0,
        0,
        0,
        0,
        0,
        0,
        0,
        0,
        1,
        1,
        1,
        1,
        1,
        1,
        1,
        1,
        1,
        1,
        1,
        1,
        0,
        0,
        0,
        0,
        0,
        0,
        0,
        0,
        0,
        0,
        0,
        0,
        0,
        0,
        0,
        0,
        0,
        0,
        0,
        0,
        0,
        0,
        0,
        0,
        0,
        0,
        0,
        0,
        0,
        0,
        0,
        0,
        0,
        0,
        0,
        0,
        0,
        0,
        0,
        0,
        0,
        0
      ],
      "time": [
        2.03,
        25.4,
        25.6,
        30.5,
        33.6,
        36.4,
        46.7,
        50.4,
        1.54,
        4.53,
        6.0,
        7.63,
        10.035,
        15.9,
        19.9,
        25.1,
        26.05,
        26.65,
        28.05,
        29.05,
        29.7,
        31.45,
        32.2,
        33.0,
        34.15,
        35.15,
        37.65,
        39.2,
        40.65,
        42.35,
        43.8,
        45.45,
        46.85,
        49.35,
        50.2,
        50.95,
        51.85,
        52.6,
        53.45,
        54.25,
        55.1,
        55.95,
        56.75,
        57.6,
        58.45,
        59.25,
        61.75,
        63.45,
        65.15,
        66.85,
        68.55,
        70.25,
        77.95,
        88.65,
        1.26,
        3.32,
        5.17,
        5.92,
        11.2,
        13.1,
        16.8,
        18.8,
        20.7,
        24.3,
        28.0,
        62.7,
        1.745,
        4.355,
        6.525,
        8.79,
        10.95,
        16.35,
        20.4,
        24.85,
        26.55,
        27.55,
        29.55,
        30.25,
        31.4,
        32.65,
        33.95,
        35.75,
        37.95,
        39.45,
        41.05,
        41.9,
        44.05,
        45.65,
        47.1,
        49.6,
        50.4,
        51.1,
        52.3,
        53.05,
        54.2,
        54.2,
        55.7,
        56.6,
        57.3,
        58.35,
        59.25,
        60.35,
        63.3,
        65.1,
        68.15,
        69.8,
        78.1,
        89.0
      ],
      "arm_name": "capecitabine_oxaliplatin"
    },
    {
      "events": [
        1,
        1,
        1,
        1,
        1,
        1,
        1,
        0,
        0,
        0,
        0,
        0,
        0,
        0,
        0,
        0,
        0,
        0,
        0,
        0,
        0,
        0,
        0,
        0,
        0,
        0,
        0,
        0,
        0,
        0,
        0,
        0,
        0,
        0,
        0,
        0,
        0,
        0,
        0,
        0,
        0,
        0,
        0,
        0,
        0,
        0,
        0,
        0,
        0,
        0,
        0,
        0,
        0,
        0,
        0,
        0,
        0,
        0,
        0,
        1,
        1,
        1,
        1,
        1,
        1,
        1,
        1,
        1,
        1,
        1,
        1,
        1,
        1,
        1,
        1,
        0,
        0,
        0,
        0,
        0,
        0,
        0,
        0,
        0,
        0,
        0,
        0,
        0,
        0,
        0,
        0,
        0,
        0,
        0,
        0,
        0,
        0,
        0,
        0,
        0,
        0,
        0,
        0,
        0,
        0,
        0,
        0,
        0,
        0,
        0,
        0,
        0,
        0,
        0,
        0,
        0,
        0,
        0
      ],
      "time": [
        4.22,
        13.8,
        17.3,
        19.4,
        31.4,
        32.7,
        39.4,
        4.07,
        8.005,
        13.35,
        14.65,
        15.95,
        17.35,
        18.65,
        19.95,
        21.4,
        22.7,
        25.1,
        26.4,
        27.6,
        28.8,
        29.95,
        31.2,
        32.4,
        33.55,
        34.75,
        36.95,
        37.95,
        39.15,
        39.95,
        41.0,
        41.95,
        42.95,
        43.95,
        44.95,
        46.0,
        46.95,
        48.85,
        49.7,
        50.55,
        51.45,
        52.25,
        53.15,
        53.95,
        54.85,
        55.8,
        56.55,
        57.45,
        58.25,
        59.15,
        62.95,
        65.95,
        68.95,
        73.95,
        75.95,
        77.95,
        79.95,
        81.95,
        89.85,
        3.89,
        4.37,
        5.85,
        6.25,
        7.57,
        7.82,
        9.73,
        9.78,
        10.5,
        10.8,
        12.0,
        12.7,
        17.1,
        19.4,
        23.5,
        24.7,
        2.945,
        6.005,
        9.025,
        14.35,
        16.7,
        19.1,
        21.55,
        25.75,
        27.5,
        29.15,
        30.85,
        32.55,
        34.25,
        37.05,
        38.15,
        39.25,
        40.35,
        41.45,
        42.55,
        43.65,
        44.7,
        45.9,
        46.95,
        48.95,
        49.85,
        50.75,
        51.65,
        52.65,
        53.55,
        54.45,
        55.35,
        56.35,
        57.25,
        58.15,
        59.05,
        62.95,
        65.95,
        68.95,
        74.3,
        76.8,
        79.2,
        81.55,
        89.95
      ],
      "arm_name": "follow_up_only"
    }
  ]
}