{
  "arm_names": [
    "capecitabine_oxaliplatin",
    "follow_up_only"
  ],
  "curves": [
    {
      "time": [
        1.54,
        2.03,
        4.53,
        6.0,
        7.63,
        10.035,
        15.9,
        19.9,
        25.1,
        25.4,
        25.6,
        26.05,
        26.65,
        28.05,
        29.05,
        29.7,
        30.5,
        31.45,
        32.2,
        33.0,
        33.6,
        34.15,
        35.15,
        36.4,
        37.65,
        39.2,
        40.65,
        42.35,
        43.8,
        45.45,
        46.7,
        46.85,
        49.35,
        50.2,
        50.4,
        50.95,
        51.85,
        52.6,
        53.45,
        54.25,
        55.1,
        55.95,
        56.75,
        57.6,
        58.45,
        59.25,
        61.75,
        63.45,
        65.15,
        66.85,
        68.55,
        70.25,
        77.95,
        88.65
      ],
      "probability": [
        1.0,
        0.9811320754716981,
        0.9811320754716981,
        0.9811320754716981,
        0.9811320754716981,
        0.9811320754716981,
        0.9811320754716981,
        0.9811320754716981,
        0.9811320754716981,
        0.9593291404612159,
        0.9375262054507337,
        0.9375262054507337,
        0.9375262054507337,
        0.9375262054507337,
        0.9375262054507337,
        0.9375262054507337,
        0.9128544632020302,
        0.9128544632020302,
        0.9128544632020302,
        0.9128544632020302,
        0.8860058025196176,
        0.8860058025196176,
        0.8860058025196176,
        0.8574249701802751,
        0.8574249701802751,
        0.8574249701802751,
        0.8574249701802751,
        0.8574249701802751,
        0.8574249701802751,
        0.8574249701802751,
        0.8216989297560969,
        0.8216989297560969,
        0.8216989297560969,
        0.8216989297560969,
        0.780613983268292,
        0.780613983268292,
        0.780613983268292,
        0.780613983268292,
        0.780613983268292,
        0.780613983268292,
        0.780613983268292,
        0.780613983268292,
        0.780613983268292,
        0.780613983268292,
        0.780613983268292,
        0.780613983268292,
        0.780613983268292,
        0.780613983268292,
        0.780613983268292,
        0.780613983268292,
        0.780613983268292,
        0.780613983268292,
        0.780613983268292,
        0.780613983268292
      ],
      "interval": [
        [
          1.0,
          1.0
        ],
        [
          0.8735162880201807,
          0.9973204805428737
        ],
        [
          0.8735162880201807,
          0.9973204805428737
        ],
        [
          0.8735162880201807,
          0.9973204805428737
        ],
        [
          0.8735162880201807,
          0.9973204805428737
        ],
        [
          0.8735162880201807,
          0.9973204805428737
        ],
        [
          0.8735162880201807,
          0.9973204805428737
        ],
        [
          0.8735162880201807,
          0.9973204805428737
        ],
        [
          0.8735162880201807,
          0.9973204805428737
        ],
        [
          0.846363102579533,
          0.9897179303426373
        ],
        [
          0.8180982781022426,
          0.9794853736630087
        ],
        [
          0.8180982781022426,
          0.9794853736630087
        ],
        [
          0.8180982781022426,
          0.9794853736630087
        ],
        [
          0.8180982781022426,
          0.9794853736630087
        ],
        [
          0.8180982781022426,
          0.9794853736630087
        ],
        [
          0.8180982781022426,
          0.9794853736630087
        ],
        [
          0.7830063670681572,
          0.9665846029979026
        ],
        [
          0.7830063670681572,
          0.9665846029979026
        ],
        [
          0.7830063670681572,
          0.9665846029979026
        ],
        [
          0.7830063670681572,
          0.9665846029979026
        ],
        [
          0.745432598808535,
          0.9513616529481639
        ],
        [
          0.745432598808535,
          0.9513616529481639
        ],
        [
          0.745432598808535,
          0.9513616529481639
        ],
        [
          0.7068613086828707,
          0.9340707144296937
        ],
        [
          0.7068613086828707,
          0.9340707144296937
        ],
        [
          0.7068613086828707,
          0.9340707144296937
        ],
        [
          0.7068613086828707,
          0.9340707144296937
        ],
        [
          0.7068613086828707,
          0.9340707144296937
        ],
        [
          0.7068613086828707,
          0.9340707144296937
        ],
        [
          0.7068613086828707,
          0.9340707144296937
        ],
        [
          0.6555295161827814,
          0.9127254729216271
        ],
        [
          0.6555295161827814,
          0.9127254729216271
        ],
        [
          0.6555295161827814,
          0.9127254729216271
        ],
        [
          0.6555295161827814,
          0.9127254729216271
        ],
        [
          0.5980297370138282,
          0.8875263621223209
        ],
        [
          0.5980297370138282,
          0.8875263621223209
        ],
        [
          0.5980297370138282,
          0.8875263621223209
        ],
        [
          0.5980297370138282,
          0.8875263621223209
        ],
        [
          0.5980297370138282,
          0.8875263621223209
        ],
        [
          0.5980297370138282,
          0.8875263621223209
        ],
        [
          0.5980297370138282,
          0.8875263621223209
        ],
        [
          0.5980297370138282,
          0.8875263621223209
        ],
        [
          0.5980297370138282,
          0.8875263621223209
        ],
        [
          0.5980297370138282,
          0.8875263621223209
        ],
        [
          0.5980297370138282,
          0.8875263621223209
        ],
        [
          0.5980297370138282,
          0.8875263621223209
        ],
        [
          0.5980297370138282,
          0.8875263621223209
        ],
        [
          0.5980297370138282,
          0.8875263621223209
        ],
        [
          0.5980297370138282,
          0.8875263621223209
        ],
        [
          0.5980297370138282,
          0.8875263621223209
        ],
        [
          0.5980297370138282,
          0.8875263621223209
        ],
        [
          0.5980297370138282,
          0.8875263621223209
        ],
        [
          0.5980297370138282,
          0.8875263621223209
        ],
        [
          0.5980297370138282,
          0.8875263621223209
        ]
      ]
    },
    {
      "time": [
        4.07,
        4.22,
        8.005,
        13.35,
        13.8,
        14.65,
        15.95,
        17.3,
        17.35,
        18.65,
        19.4,
        19.95,
        21.4,
        22.7,
        25.1,
        26.4,
        27.6,
        28.8,
        29.95,
        31.2,
        31.4,
        32.4,
        32.7,
        33.55,
        34.75,
        36.95,
        37.95,
        39.15,
        39.4,
        39.95,
        41.0,
        41.95,
        42.95,
        43.95,
        44.95,
        46.0,
        46.95,
        48.85,
        49.7,
        50.55,
        51.45,
        52.25,
        53.15,
        53.95,
        54.85,
        55.8,
        56.55,
        57.45,
        58.25,
        59.15,
        62.95,
        65.95,
        68.95,
        73.95,
        75.95,
        77.95,
        79.95,
        81.95,
        89.85
      ],