{
  "arm_names": [
    "co",
    "io"
  ],
  "curves": [
    {
      "time": [
        0.416,
        0.475,
        0.537,
        0.76,
        1.18,
        1.42,
        1.83,
        1.99,
        2.03,
        2.11,
        2.19,
        2.49,
        2.54,
        2.83,
        2.85,
        3.03,
        3.3,
        3.44,
        3.66,
        3.72,
        3.73,
        3.74,
        3.78,
        3.79,
        3.99,
        4.09,
        4.15,
        4.24,
        4.27,
        4.57,
        4.63,
        4.9,
        5.01,
        5.1,
        5.495,
        5.55,
        5.6,
        5.61,
        5.97,
        6.01,
        6.03,
        6.1,
        6.12,
        6.3,
        6.43,
        6.53,
        6.54,
        6.55,
        6.79,
        7.25,
        7.44,
        7.83,
        7.85,
        7.88,
        8.35,
        11.2,
        11.9,
        13.1,
        15.25
      ],
      "probability": [
        0.9852941176470589,
        0.9558823529411765,
        0.9264705882352942,
        0.911764705882353,
        0.8970588235294119,
        0.8823529411764707,
        0.8676470588235294,
        0.8529411764705883,
        0.8382352941176471,
        0.8235294117647058,
        0.8088235294117646,
        0.8088235294117646,
        0.7339324618736383,
        0.718954248366013,
        0.6889978213507625,
        0.6740196078431372,
        0.6590413943355119,
        0.6440631808278866,
        0.6290849673202613,
        0.614106753812636,
        0.5841503267973854,
        0.5691721132897601,
        0.5541938997821348,
        0.5392156862745097,
        0.5242374727668844,
        0.5092592592592591,
        0.4942810457516338,
        0.47930283224400855,
        0.46432461873638325,
        0.449346405228758,
        0.4343681917211328,
        0.41938997821350754,
        0.4044117647058823,
        0.38943355119825707,
        0.38943355119825707,
        0.37385620915032675,
        0.34270152505446616,
        0.3271241830065359,
        0.3115468409586056,
        0.2959694989106753,
        0.28039215686274505,
        0.2648148148148148,
        0.2492374727668845,
        0.2336601307189542,
        0.21808278867102393,
        0.20250544662309367,
        0.1869281045751634,
        0.1713507625272331,
        0.15577342047930282,
        0.14019607843137255,
        0.12461873638344226,
        0.10904139433551198,
        0.0934640522875817,
        0.07788671023965142,
        0.06230936819172114,
        0.04673202614379086,
        0.031154684095860575,
        0.015577342047930287,
        0.015577342047930287
      ],
      "interval": [
        [
          0.9001667664693572,
          0.9979153086510654
        ],
        [
          0.8694343376295548,
          0.9855544429661035
        ],
        [
          0.8323289842031949,
          0.9687179464373363
        ],
        [
          0.8141013993133445,
          0.9593609468333354
        ],
        [
          0.7961608479088272,
          0.9495466936243703
        ],
        [
          0.778496593943503,
          0.9393515507690505
        ],
        [
          0.7610894739280606,
          0.9288307938831043
        ],
        [
          0.743919453508222,
          0.9180259814822396
        ],
        [
          0.7269679877932985,
          0.9069692960358656
        ],
        [
          0.7102186303407209,
          0.8956862538407842
        ],
        [
          0.6936570347603284,
          0.8841974770435466
        ],
        [
          0.6936570347603284,
          0.8841974770435466
        ],
        [
          0.6113817041949404,
          0.8232635937856131
        ],
        [
          0.5953994803590705,
          0.8106120398525722
        ],
        [
          0.5638472127664617,
          0.7849057130656099
        ],
        [
          0.5482665042048263,
          0.7718618553571642
        ],
        [
          0.5328101536701089,
          0.7586969676745673
        ],
        [
          0.5174744667773654,
          0.7454148807836363
        ],
        [
          0.5022562628337783,
          0.7320189170031001
        ],
        [
          0.48715281889025486,
          0.7185119468097474
        ],
        [
          0.4572813439594154,
          0.6911744784453806
        ],
        [
          0.44250978851216877,
          0.6773478364867339
        ],
        [
          0.4278458908473654,
          0.6634179557641956
        ],
        [
          0.4132886876101522,
          0.6493859896538406
        ],
        [
          0.398837505357524,
          0.6352528133670714
        ],
        [
          0.38449195081055715,
          0.6210190350570005
        ],
        [
          0.37025190489702053,
          0.606685003294262
        ],
        [
          0.3561175203889986,
          0.592250811137052
        ],
        [
          0.34208922305195516,
          0.5777162969144896
        ],
        [
          0.32816771632839015,
          0.5630810417431428
        ],
        [
          0.31435398968680045,
          0.5483443636983505
        ],
        [
          0.3006493308810182,
          0.5335053084594361
        ],
        [
          0.2870553424926582,
          0.5185626361353518
        ],
        [
          0.27357396327806865,
          0.5035148038481164
        ],
        [
          0.27357396327806865,
          0.5035148038481164
        ],
        [
          0.2595340390193441,
          0.487892740808241
        ],
        [
          0.23187973525435598,
          0.4562723778197285
        ],
        [
          0.21827203168603365,
          0.4402677733916805
        ],
        [
          0.20481622318917067,
          0.4241284075177252
        ],
        [
          0.1915174923511155,
          0.407849600738989
        ],
        [
          0.17838194295881132,
          0.3914259016580879
        ],
        [
          0.16541674546868848,
          0.37485096160821674
        ],
        [
          0.15263032237316254,
          0.35811737649163267
        ],
        [
          0.14003258627941667,
          0.34121648537328414
        ],
        [
          0.1276352489340677,
          0.32413811118685737
        ],
        [
          0.11545222763063953,
          0.30687022260625485
        ],
        [
          0.10350018818016843,
          0.28939848653498546
        ],
        [
          0.09179928399645601,
          0.2717056657091051
        ],
        [
          0.08037418448506818,
          0.25377079203873915
        ],
        [
          0.06925554357093858,
          0.23556800725928237
        ],
        [
          0.05848216234122728,
          0.21706489704558593
        ],
        [
          0.048104293926493506,
          0.19822003328320092
        ],
        [
          0.03818892701707269,
          0.17897925027123893
        ],
        [
          0.028828720294748013,
          0.1592698870253723
        ],
        [
          0.02015823183701066,
          0.13899198458976153
        ],
        [
          0.012386309374349922,
          0.11800707128751428
        ],
        [
          0.0058695157512410985,
          0.09614729687143772
        ],
        [
          0.0013081201961157329,
          0.07360648020596543
        ],
        [
          0.0013081201961157329,
          0.07360648020596543
        ]
      ]
    },
    {
      "time": [
        0.5385,
        0.574,
        0.956,
        1.65,
        1.93,
        2.12,
        2.52,
        3.29,
        3.51,
        3.61,
        4.0,
        4.26,
        4.35,
        4.71,
        5.11,
        5.65,
        5.88,
        6.03,
        6.53,
        6.87,
        7.12,
        7.46,
        7.82,
        8.0,
        8.29,
        8.47,
        8.9,
        9.1,
        9.41,
        9.78,
        9.98,
        11.1,
        11.45,
        12.1,
        12.35,
        12.65,
        13.4,
        13.45,
        13.5,
