{
  "time": [
    0.416,
    0.475,
    0.537,
    0.5385,
    0.574,
    0.76,
    0.956,
    1.18,
    1.42,
    1.65,
    1.83,
    1.93,
    1.99,
    2.03,
    2.11,
    2.12,
    2.19,
    2.49,
    2.52,
    2.54,
    2.83,
    2.85,
    3.03,
    3.29,
    3.3,
    3.44,
    3.51,
    3.61,
    3.66,
    3.72,
    3.73,
    3.74,
    3.78,
    3.79,
    3.99,
    4.0,
    4.09,
    4.15,
    4.24,
    4.26,
    4.27,
    4.35,
    4.57,
    4.63,
    4.71,
    4.9,
    5.01,
    5.1,
    5.11,
    5.495,
    5.55,
    5.6,
    5.61,
    5.65,
    5.88,
    5.97,
    6.01,
    6.03,
    6.1,
    6.12,
    6.3,
    6.43,
    6.53,
    6.54,
    6.55,
    6.79,
    6.87,
    7.12,
    7.25,
    7.44,
    7.46,
    7.82,
    7.83,
    7.85,
    7.88,
    8.0,
    8.29,
    8.35,
    8.47,
    8.9,
    9.1,
    9.41,
    9.78,
    9.98,
    11.1,
    11.2,
    11.45,
    11.9,
    12.1,
    12.35,
    12.65,
    13.1,
    13.4,
    13.45,
    13.5,
    14.0,
    14.35,
    14.65,
    15.25,
    16.0
  ],
  "probability": [
    0.9928057553956835,
    0.9784172661870505,
    0.9640287769784175,
    0.9640287769784175,
    0.9567804403094068,
    0.9495321036403961,
    0.9205387569643534,
    0.9132904202953428,
    0.9060420836263322,
    0.8987937469573215,
    0.8915454102883108,
    0.8625520636122682,
    0.8553037269432576,
    0.848055390274247,
    0.8408070536052364,
    0.8190620435982044,
    0.8118137069291937,
    0.8118137069291937,
    0.7971864329304695,
    0.7606182479336591,
    0.753304610934297,
    0.7386773369355728,
    0.7313636999362106,
    0.7240500629368485,
    0.7167364259374864,
    0.7094227889381243,
    0.7094227889381243,
    0.7020329682200188,
    0.6946431475019134,
    0.6872533267838079,
    0.672473685347597,
    0.6650838646294915,
    0.6576940439113861,
    0.6503042231932806,
    0.6429144024751752,
    0.6281347610389643,
    0.6207449403208588,
    0.6133551196027534,
    0.6059652988846479,
    0.5837958367303315,
    0.5764060160122261,
    0.5616263745760152,
    0.5542365538579097,
    0.5468467331398043,
    0.5246772709854879,
    0.5172874502673824,
    0.509897629549277,
    0.5025078088311715,
    0.4877281673949606,
    0.4877281673949606,
    0.48022465712734586,
    0.4652176365921163,
    0.45771412632450154,
    0.41269306471881284,
    0.3976860441835833,
    0.3901825339159685,
    0.3826790236483537,
    0.36767200311312415,
    0.36016849284550934,
    0.3526649825778945,
    0.3451614723102797,
    0.33765796204266496,
    0.31514743123982064,
    0.30764392097220583,
    0.300140410704591,
    0.29263690043697627,
    0.2776298799017467,
    0.27012636963413195,
    0.2626228593665172,
    0.25511934909890244,
    0.2326088182960581,
    0.21760179776082855,
    0.2100982874932138,
    0.20259477722559902,
    0.19509126695798426,
    0.18758775669036948,
    0.1800842464227547,
    0.1725807361551399,
    0.16507722588752513,
    0.15757371561991035,
    0.15007020535229557,
    0.14256669508468078,
    0.135063184817066,
    0.12005616428183644,
    0.11255265401422165,
    0.10504914374660689,
    0.10504914374660689,
    0.09696844038148328,
    0.08888773701635967,
    0.08888773701635967,
    0.08888773701635967,
    0.0790113217923197,
    0.06913490656827974,
    0.06913490656827974,
    0.05761242214023312,
    0.0460899377121865,
    0.0460899377121865,
    0.0460899377121865,
    0.0460899377121865,
    0.0460899377121865
  ],
  "interval": [
    [
      0.9500342199879603,
      0.9989834520076004
    ],
    [
      0.9345847306613239,
      0.9929877492359114
    ],
    [
      0.9157435369264675,
      0.9848682552494187
    ],
    [
      0.9157435369264675,
      0.9848682552494187
    ],
    [
      0.906330837216977,
      0.9803484474305277
    ],
    [
      0.8970540232958336,
      0.9756169590881334
    ],
    [
      0.8611056106030757,
      0.955192359661014
    ],
    [
      0.8523569694313071,
      0.9498059222311318
    ],
    [
      0.8436870607260356,
      0.9443319244938745
    ],
    [
      0.8350894541522609,
      0.9387787615663894
    ],
    [
      0.8265585749977201,
      0.9331534468131891
    ],
    [
      0.7930138087293259,
      0.9100373425362
    ],
    [
      0.7847545729435197,
      0.9041252856419962
    ],
    [
      0.7765403816571047,
      0.8981665414699472
    ],
    [
      0.7683688918386007,
      0.8921637222122117
    ],
    [
      0.7440905537970267,
      0.8739129449201417
    ],
    [
      0.7360707171638039,
      0.8677548765236162
    ],
    [
      0.7360707171638039,
      0.8677548765236162
    ],
    [
      0.7199534870475767,
      0.8552439568782964
    ],
    [
      0.680219298090947,
      0.8234143568137122
    ],
    [
      0.6723598276893598,
      0.8169622046738352
    ],
    [
      0.6567213973518242,
      0.803978545167428
    ],
    [
      0.6489410063167373,
      0.7974484761036291
    ],
    [
      0.6411856301013296,
      0.7908937875461517
    ],
    [
      0.6334546757372204,
      0.7843150769769486
    ],
    [
      0.6257475920575996,
      0.7777129003902942
    ],
    [
      0.6257475920575996,
      0.7777129003902942
    ],
    [
      0.6179671874254373,
      0.7710299432364618
    ],
    [
      0.6102109117835995,
      0.7643237789046842
    ],
    [
      0.6024782629075166,
      0.7575948800906674
    ],
    [
      0.5870820122602628,
      0.7440706116740152
    ],
    [
      0.5794175740712745,
      0.737276035910637
    ],
    [
      0.5717750853260078,
      0.730460317211243
    ],
    [
      0.5641541983075637,
      0.7236237883721633
    ],
    [
      0.556554590230922,
      0.716766759383316
    ],
    [
      0.5414180353991629,
      0.7029923348067842
    ],
    [
      0.5338805547221473,
      0.6960754566093271
    ],
    [
      0.5263632827921318,
      0.6891391151275359
    ],
    [
      0.5188660013928011,
      0.682183524037998
    ],
    [
      0.4964921800299678,
      0.6612031471990535
    ],
    [
      0.48907302238994965,
      0.6541723756216965
    ],
    [
      0.47429203811164033,
      0.6400557127929282
    ],
    [
      0.4669299811929632,
      0.6329700573337417
    ],
    [
      0.45958675056447584,
      0.6258663216083656
    ],
    [
      0.43766926925222843,
      0.6044474350253465
    ],
    [
      0.43040066064872506,
      0.5972721207431713
    ],
    [
      0.4231506000845312,
      0.5900790384448431
    ],
    [
      0.41591906930579514,
      0.5828682157475
    ],
    [
      0.40151158499126693,
      0.5683934029796945
    ],
    [
      0.40151158499126693,
      0.5683934029796945
    ],
    [
      0.3942053773919788,
      0.561035214176065
    ],
    [
      0.37965277790381097,
      0.5462627358979789
    ],
    [
      0.37240644886558355,
      0.5388483841236367
    ],
    [
      0.3293523547206353,
      0.49396470961753147
    ],
    [
      0.31516510986975443,
      0.47884962442628537
    ],
    [
      0.3081029371284125,
      0.4712626203356167
    ],
    [
      0.30106198920163313,
      0.4636557423622662
    ],
    [
      0.2870446565816925,
      0.44838156462900575
    ],
    [
      0.28006876672443926,
      0.4407138197354516
    ],
    [
      0.27311509337877177,
      0.43302530886021584
    ],
    [
      0.2661839391649161,
      0.42531576007091837
    ],
    [
      0.2592756310354079,
      0.41758487966344726
    ],
    [
      0.23869144978608542,
      0.39426095632648167
    ],
    [
      0.23187833736336172,
      0.38644132752784216
    ],
    [
      0.22509012859127464,
      0.3785985202623217
    ],
    [
      0.21832733392988668,
      0.3707320766576321
    ],
    [
      0.20488022667597242,
      0.3549262720861779
    ],
    [
      0.19819714282818088,
      0.346985809706823
    ],
    [
      0.1915419381720262,
      0.33901950143374565
    ],
    [
      0.18491535389288466,
      0.33102668342849406
    ],
    [
