{
  "meta": {
    "identifier": "Dalotuzumab",
    "pubmed": "26405092",
    "registration": "NCT00614393",
    "publication_date": "2015-09-23 00:00:00",
    "arms": 3,
    "disease": "colorectal_cancer",
    "subjects": 344,
    "weibull_by_arm": {
      "arma": {
        "scale": 14.36551834216656,
        "shape": 1.3527967671040078
      },
      "armb": {
        "scale": 15.462423416957256,
        "shape": 1.6572212267851951
      },
      "armc": {
        "scale": 17.802527022316813,
        "shape": 1.549857874163799
      }
    },
    "weibull_max_diff": 0.7796128885376081,
    "time_scale": "Months",
    "title": "Study of Dalotuzumab (MK-0646) in Combination With Cetuximab and Irinotecan in Metastatic Colorectal Cancer (MK-0646-004)",
    "condition_list": [
      "Metastatic Colorectal Cancer"
    ],
    "data_index": null,
    "hazard_ratios": {
      "arma": {
        "armb": 0.8634431943110108,
        "armc": 0.7225256820699413
      },
      "armb": {
        "arma": 1.1581537808030968,
        "armc": 0.8050678861838909
      },
      "armc": {
        "arma": 1.3840338479528245,
        "armb": 1.2421312750904872
      }
    },
    "min_hazard_ratio": 0.7225256820699413
  },
  "arms": [
    {
      "events": [
        1,
        1,
        1,
        1,
        1,
        1,
        1,
        1,
        1,
        1,
        1,
        1,
        1,
        1,
        1,
        1,
        1,
        1,
        1,
        1,
        1,
        1,
        1,
        1,
        1,
        1,
        1,
        1,
        1,
        1,
        1,
        1,
        1,
        1,
        1,
        1,
        1,
        1,
        1,
        1,
        1,
        1,
        1,
        1,
        1,
        1,
        1,
        1,
        1,
        1,
        1,
        1,
        1,
        1,
        1,
        1,
        1,
        1,
        1,
        1,
        1,
        1,
        1,
        1,
        1,
        1,
        1,
        1,
        1,
        1,
        1,
        1,
        0,
        0,
        0,
        0,
        0,
        0,
        0,
        0,
        0,
        0,
        0,
        0,
        0,
        0,
        0,
        0,
        0,
        0,
        0,
        0,
        0,
        0,
        0,
        0,
        0,
        0,
        0,
        0,
        0,
        0,
        0,
        0,
        0,
        0,
        0,
        0,
        0,
        0,
        0,
        0,
        0,
        0,
        0,
        0
      ],
      "time": [
        0.685,
        1.2,
        1.2,
        1.5,
        1.79,
        2.02,
        2.45,
        2.47,
        2.61,
        2.63,
        2.77,
        2.96,
        3.04,
        3.37,
        3.45,
        3.57,
        3.64,
        3.85,
        4.07,
        4.25,
        4.27,
        4.3,
        4.34,
        4.91,
        4.92,
        5.12,
        5.16,
        5.21,
        5.27,
        5.57,
        5.64,
        5.68,
        5.72,
        5.91,
        5.97,
        6.1,
        6.21,
        6.25,
        6.41,
        6.46,
        6.52,
        6.6,
        7.0,
        7.58,
        7.77,
        7.91,
        8.01,
        8.01,
        8.02,
        8.15,
        9.08,
        9.33,
        9.45,
        9.5,
        10.9,
        11.1,
        11.2,
        11.4,
        11.5,
        11.6,
        12.7,
        13.0,
        13.1,
        14.4,
        14.9,
        15.2,
        16.2,
        16.5,
        17.7,
        18.2,
        19.1,
        19.9,
        6.26,
        6.495,
        6.73,
        6.975,
        7.225,
        7.465,
        7.685,
        7.945,
        8.165,
        8.41,
        8.645,
        8.905,
        9.135,
        9.39,
        9.59,
        9.85,
        10.05,
        10.45,
        10.45,
        10.85,
        11.05,
        11.25,
        11.55,
        11.75,
        12.45,
        12.85,
        13.25,
        13.75,
        14.15,
        14.55,
        15.0,
        15.45,
        15.85,
        16.25,
        16.85,
        17.15,
        17.55,
        19.15,
        20.35,
        21.55,
        22.75,
        24.65,
        25.25,
        25.95
      ],
      "arm_name": "arma"
    },
    {
      "events": [
        1,
        1,
        1,
        1,
        1,
        1,
        1,
        1,
        1,
        1,
        1,
        1,
        1,
        1,
        1,
        1,
        1,
        1,
        1,
        1,
        1,
        1,
        1,
        1,
        1,
        1,
        1,
        1,
        1,
        1,
        1,
        1,
        1,
        1,
        1,
        1,
        1,
        1,
        1,
        1,
        1,
        1,
        1,
        1,
        1,
        1,
        1,
        1,
        1,
        1,
        1,
        1,
        1,
        1,
        1,
        1,
        1,
        1,
        1,
        1,
        1,
        1,
        1,
        1,
        1,
        1,
        1,
        1,
        1,
        1,
        1,
        0,
        0,
        0,
        0,
        0,
        0,
        0,
        0,
        0,
        0,
        0,
        0,
        0,
        0,
        0,
        0,
        0,
        0,
        0,
        0,
        0,
        0,
        0,
        0,
        0,
        0,
        0,
        0,
        0,
        0,
        0,
        0,
        0,
        0,
        0,
        0,
        0,
        0,
        0,
        0,
        0,
        0,
        0,
        0,
        0,
        0
      ],
      "time": [
        0.845,
        1.01,
        1.87,
        2.07,
        2.43,
        2.64,
        2.64,
        3.01,
        3.18,
        3.36,
        3.78,
        3.86,
        4.11,
        4.47,
        4.61,
        5.24,
        5.88,
        6.01,
        6.05,
        6.3,
        6.38,
        6.38,
        6.38,
        6.59,
        6.63,
        6.71,
        7.06,
        7.55,
        7.57,
        7.65,
        7.92,
        7.96,
        8.05,
        8.29,
        8.33,
        8.57,
        8.79,
        8.82,
        8.85,
        8.91,
        9.24,
        9.35,
        9.76,
        10.1,
        10.3,
        10.7,
        10.8,
        11.3,
        11.7,
        11.8,
        13.3,
        13.3,
        13.3,
        13.8,
        14.1,
        14.2,
        14.5,
        15.4,
        15.6,
        15.6,
        15.7,
        15.7,
        16.5,
        16.9,
        19.7,
        20.5,
        20.6,
        21.8,
        21.9,
        22.9,
        23.1,
        0.5535,
        1.24,
        1.805,
        2.355,
        2.885,
        3.645,
        4.175,
        4.78,
        5.465,
        6.27,
        6.57,
        6.825,
        7.095,
        7.37,
        7.64,
        7.915,
        8.175,
        8.445,
        8.74,
        9.0,
        9.275,
        9.545,
        9.825,
        10.05,
        10.35,
        10.65,
        11.0,
        11.15,
        11.45,
        11.75,
        12.65,
        13.35,
        13.95,
        14.65,
        15.35,
        15.95,
        16.65,
        17.35,
        18.95,
        19.95,
        20.95,
        21.95,
        22.95,
        24.65,
        25.25,
        25.95
      ],