{
  "meta": {
    "identifier": "Dalotuzumab",
    "pubmed": "26405092",
    "publication_date": "2015-09-23 00:00:00",
    "arms": 3,
    "disease": "colorectal_cancer",
    "subjects": 688,
    "weibull_by_arm": {
      "arma": {
        "scale": 10.327652341066552,
        "shape": 1.1089155622429583
      },
      "armb": {
        "scale": 11.319783893103516,
        "shape": 1.2463053200559393
      },
      "armc": {
        "scale": 12.502880183748372,
        "shape": 1.2541488180084437
      }
    },
    "weibull_max_diff": 0.7950037954866261,
    "time_scale": "Months"
  },
  "arms": [
    {
      "events": [
        1,
        1,
        1,
        1,
        1,
        1,
        1,
        1,
        1,
        1,
        1,
        1,
        1,
        1,
        1,
        1,
        1,
        1,
        1,
        1,
        1,
        1,
        1,
        1,
        1,
        1,
        1,
        1,
        1,
        1,
        1,
        1,
        1,
        1,
        1,
        1,
        1,
        1,
        1,
        1,
        1,
        1,
        1,
        1,
        1,
        1,
        1,
        1,
        1,
        1,
        1,
        1,
        1,
        1,
        1,
        1,
        1,
        1,
        1,
        1,
        1,
        1,
        1,
        1,
        1,
        1,
        1,
        1,
        1,
        1,
        1,
        1,
        0,
        0,
        0,
        0,
        0,
        0,
        0,
        0,
        0,
        0,
        0,
        0,
        0,
        0,
        0,
        0,
        0,
        0,
        0,
        0,
        0,
        0,
        0,
        0,
        0,
        0,
        0,
        0,
        0,
        0,
        0,
        0,
        0,
        0,
        0,
        0,
        0,
        0,
        0,
        0,
        0,
        0,
        0,
        0,
        1,
        1,
        1,
        1,
        1,
        1,
        1,
        1,
        1,
        1,
        1,
        1,
        1,
        1,
        1,
        1,
        1,
        1,
        1,
        1,
        1,
        1,
        1,
        1,
        1,
        1,
        1,
        1,
        1,
        1,
        1,
        1,
        1,
        1,
        1,
        1,
        1,
        1,
        1,
        1,
        1,
        1,
        1,
        1,
        1,
        1,
        1,
        1,
        1,
        1,
        1,
        1,
        1,
        1,
        1,
        1,
        1,
        1,
        1,
        1,
        1,
        1,
        1,
        1,
        1,
        1,
        1,
        1,
        1,
        1,
        1,
        1,
        1,
        1,
        1,
        1,
        0,
        0,
        0,
        0,
        0,
        0,
        0,
        0,
        0,
        0,
        0,
        0,
        0,
        0,
        0,
        0,
        0,
        0,
        0,
        0,
        0,
        0,
        0,
        0,
        0,
        0,
        0,
        0,
        0,
        0,
        0,
        0,
        0,
        0,
        0,
        0,
        0,
        0,
        0,
        0
      ],
      "time": [
        0.685,
        1.2,
        1.2,
        1.5,
        1.79,
        2.02,
        2.45,
        2.47,
        2.61,
        2.63,
        2.77,
        2.96,
        3.04,
        3.37,
        3.45,
        3.57,
        3.64,
        3.85,
        4.07,
        4.25,
        4.27,
        4.3,
        4.34,
        4.91,
        4.92,
        5.12,
        5.16,
        5.21,
        5.27,
        5.57,
        5.64,
        5.68,
        5.72,
        5.91,
        5.97,
        6.1,
        6.21,
        6.25,
        6.41,
        6.46,
        6.52,
        6.6,
        7.0,
        7.58,
        7.77,
        7.91,
        8.01,
        8.01,
        8.02,
        8.15,
        9.08,
        9.33,
        9.45,
        9.5,
        10.9,
        11.1,
        11.2,
        11.4,
        11.5,
        11.6,
        12.7,
        13.0,
        13.1,
        14.4,
        14.9,
        15.2,
        16.2,
        16.5,
        17.7,
        18.2,
        19.1,
        19.9,
        6.26,
        6.495,
        6.73,
        6.975,
        7.225,
        7.465,
        7.685,
        7.945,
        8.165,
        8.41,
        8.645,
        8.905,
        9.135,
        9.39,
        9.59,
        9.85,
        10.05,
        10.45,
        10.45,
        10.85,
        11.05,
        11.25,
        11.55,
        11.75,
        12.45,
        12.85,
        13.25,
        13.75,
        14.15,
        14.55,
        15.0,
        15.45,
        15.85,
        16.25,
        16.85,
        17.15,
        17.55,
        19.15,
        20.35,
        21.55,
        22.75,
        24.65,
        25.25,
        25.95,
        0.689,
        1.14,
        1.17,
        1.19,
        1.19,
        1.19,
        1.19,
        1.21,
        1.21,
        1.21,
        1.22,
        1.22,
        1.25,
        1.26,
        1.28,
        1.28,
        1.29,
        1.32,
        1.34,
        1.34,
        1.34,
        1.35,
        1.35,
        1.38,
        1.38,
        1.4,
        1.41,
        1.44,
        1.44,
        1.44,
        1.46,
        1.51,
        1.88,
        2.14,
        2.16,
        2.51,
        2.57,
        2.64,
        2.67,
        2.68,
        2.72,
        2.75,
        2.77,
        2.8,
        2.81,
        2.82,
        2.86,
        2.88,
        2.92,
        3.38,
        3.42,
        3.49,
        4.02,
        4.05,
        4.24,
        4.25,
        4.27,
        4.28,
        4.38,
        5.31,
        5.44,
        5.45,
        5.61,
        5.67,
        5.68,
        5.7,
        6.38,
        6.98,
        7.04,
        7.95,
        8.39,
        8.52,
        8.71,
        9.85,
        10.0,
        11.5,
        0.166,
        0.3365,
        0.497,
        0.676,
        0.8375,
        0.997,
        1.155,
        1.335,
        1.495,
        1.665,
        1.835,
        1.995,
        2.165,
        2.335,
        2.495,
        2.66,
        2.835,
        3.245,
        3.495,
        3.745,
        3.99,
        4.245,
        4.495,
        4.745,
        4.995,
        5.245,
        5.495,
        5.745,
        6.495,
        7.0,
        7.495,
        7.995,
        8.49,
        9.745,
        10.45,
        11.25,
        12.0,
        12.0,
        12.0,
        12.0
      ],