{
  "meta": {
    "identifier": "DELTA",
    "pubmed": "24841974",
    "publication_date": "2014-05-19 00:00:00",
    "arms": 2,
    "disease": "lung_cancer",
    "subjects": 301,
    "weibull_by_arm": {
      "docetaxel": {
        "scale": 18.334091455610373,
        "shape": 1.194655242817205
      },
      "erlotinib": {
        "scale": 20.292332269767748,
        "shape": 1.1091568551601763
      }
    },
    "weibull_max_diff": {
      "scale": 0.9034984846431461,
      "shape": 0.9284325849059109
    },
    "time_scale": "Months"
  },
  "arms": [
    {
      "events": [
        1,
        1,
        1,
        1,
        1,
        1,
        1,
        1,
        1,
        1,
        1,
        1,
        1,
        1,
        1,
        1,
        1,
        1,
        1,
        1,
        1,
        1,
        1,
        1,
        1,
        1,
        1,
        1,
        1,
        1,
        1,
        1,
        1,
        1,
        1,
        1,
        1,
        1,
        1,
        1,
        1,
        1,
        1,
        1,
        1,
        1,
        1,
        1,
        1,
        1,
        1,
        1,
        1,
        1,
        1,
        1,
        1,
        1,
        1,
        1,
        1,
        1,
        1,
        1,
        1,
        1,
        1,
        1,
        1,
        1,
        1,
        1,
        1,
        1,
        1,
        1,
        1,
        1,
        1,
        1,
        1,
        1,
        1,
        1,
        1,
        1,
        1,
        1,
        1,
        1,
        1,
        1,
        1,
        1,
        0,
        0,
        0,
        0,
        0,
        0,
        0,
        0,
        0,
        0,
        0,
        0,
        0,
        0,
        0,
        0,
        0,
        0,
        0,
        0,
        0,
        0,
        0,
        0,
        0,
        0,
        0,
        0,
        0,
        0,
        0,
        0,
        0,
        0,
        0,
        0,
        0,
        0,
        0,
        0,
        0,
        0,
        0,
        0,
        0,
        0,
        0,
        0,
        0,
        0,
        0,
        0,
        0,
        0,
        0,
        0,
        0
      ],
      "time": [
        0.733,
        1.25,
        1.25,
        1.74,
        1.74,
        1.86,
        1.86,
        2.17,
        2.29,
        2.29,
        2.51,
        2.51,
        2.9,
        2.9,
        3.36,
        3.36,
        3.36,
        3.58,
        3.58,
        3.82,
        3.82,
        4.22,
        4.22,
        4.22,
        4.34,
        4.49,
        4.61,
        4.61,
        4.8,
        5.01,
        5.01,
        5.22,
        5.35,
        5.35,
        5.47,
        5.62,
        5.77,
        5.77,
        5.96,
        6.54,
        6.54,
        6.75,
        6.75,
        7.12,
        7.42,
        7.42,
        7.42,
        7.7,
        7.7,
        7.7,
        8.13,
        8.13,
        8.13,
        8.22,
        8.46,
        8.58,
        8.83,
        9.23,
        9.38,
        9.99,
        10.3,
        10.3,
        10.4,
        10.5,
        10.6,
        11.1,
        11.2,
        11.4,
        12.1,
        12.3,
        13.1,
        13.9,
        14.3,
        14.4,
        14.8,
        15.2,
        15.4,
        15.8,
        16.4,
        17.4,
        19.6,
        20.1,
        21.0,
        21.2,
        21.3,
        21.5,
        22.3,
        22.5,
        27.0,
        27.8,
        28.3,
        30.0,
        30.3,
        30.4,
        0.397,
        0.825,
        1.33,
        1.8,
        2.23,
        2.615,
        3.15,
        3.64,
        4.08,
        4.55,
        4.905,
        5.41,
        5.865,
        6.25,
        6.825,
        7.21,
        7.655,
        8.52,
        8.935,
        9.44,
        9.9,
        10.35,
        10.75,
        11.15,
        11.65,
        12.05,
        12.55,
        12.95,
        13.35,
        13.85,
        14.25,
        14.65,
        15.15,
        15.55,
        16.75,
        17.45,
        18.25,
        18.95,
        19.7,
        20.7,
        21.25,
        22.1,
        22.75,
        23.75,
        24.95,
        25.75,
        26.55,
        27.35,
        28.05,
        28.85,
        29.65,
        30.45,
        31.25,
        32.0,
        32.0,
        32.0,
        32.0
      ],
      "arm_name": "docetaxel"
    },
    {
      "events": [
        1,
        1,
        1,
        1,
        1,
        1,
        1,
        1,
        1,
        1,
        1,
        1,
        1,
        1,
        1,
        1,
        1,
        1,
        1,
        1,
        1,
        1,
        1,
        1,
        1,
        1,
        1,
        1,
        1,
        1,
        1,
        1,
        1,
        1,
        1,
        1,
        1,
        1,
        1,
        1,
        1,
        1,
        1,
        1,
        1,
        1,
        1,
        1,
        1,
        1,
        1,
        1,
        1,
        1,
        1,
        1,
        1,
        1,
        1,
        1,
        1,
        1,
        1,
        1,
        1,
        1,
        1,
        1,
        1,
        1,
        1,
        1,
        1,
        1,
        1,
        1,
        1,
        1,
        1,
        1,
        1,
        1,
        1,
        0,
        0,
        0,
        0,
        0,
        0,
        0,
        0,
        0,
        0,
        0,
        0,
        0,
        0,
        0,
        0,
        0,
        0,
        0,
        0,
        0,
        0,
        0,
        0,
        0,
        0,
        0,
        0,
        0,
        0,
        0,
        0,
        0,
        0,
        0,
        0,
        0,
        0,
        0,
        0,
        0,
        0,
        0,
        0,
        0,
        0,
        0,
        0,
        0,
        0,
        0,
        0,
        0,
        0,
        0,
        0,
        0,
        0,
        0,
        0,
        0,
        0,
        0,
        0,
        0,
        0,
        0
      ],