{
  "meta": {
    "identifier": "ESPATUE",
    "pubmed": "26527789",
    "registration": null,
    "publication_date": "2015-11-02 00:00:00",
    "arms": 2,
    "disease": "lung_cancer",
    "subjects": 161,
    "weibull_by_arm": {
      "arma": {
        "scale": 42.63029822703371,
        "shape": 0.75447579027498
      },
      "armb": {
        "scale": 45.18755356550319,
        "shape": 0.7717196619858958
      }
    },
    "weibull_max_diff": 0.9332229062764944,
    "time_scale": "Months",
    "title": "Phase III Study of Surgery Versus Definitive Concurrent Chemoradiotherapy Boost in Patients With Resectable Stage IIIA(N2) and Selected IIIB Non-Small-Cell Lung Cancer After Induction Chemotherapy and Concurrent Chemoradiotherapy (ESPATUE).",
    "condition_list": null,
    "data_index": null,
    "hazard_ratios": {
      "arma": {
        "armb": 0.9649004235484337
      },
      "armb": {
        "arma": 1.0363763716907564
      }
    },
    "min_hazard_ratio": 0.9649004235484337
  },
  "arms": [
    {
      "events": [
        1,
        1,
        1,
        1,
        1,
        1,
        1,
        1,
        1,
        1,
        1,
        1,
        1,
        1,
        1,
        1,
        1,
        1,
        1,
        1,
        1,
        1,
        1,
        1,
        1,
        1,
        1,
        1,
        1,
        1,
        1,
        1,
        1,
        1,
        1,
        1,
        1,
        1,
        1,
        1,
        1,
        1,
        1,
        1,
        1,
        1,
        1,
        1,
        1,
        1,
        1,
        0,
        0,
        0,
        0,
        0,
        0,
        0,
        0,
        0,
        0,
        0,
        0,
        0,
        0,
        0,
        0,
        0,
        0,
        0,
        0,
        0,
        0,
        0,
        0,
        0,
        0,
        0,
        0,
        0
      ],
      "time": [
        0.955,
        1.31,
        1.79,
        2.23,
        2.75,
        3.23,
        3.23,
        3.23,
        3.62,
        3.98,
        4.14,
        4.5,
        4.54,
        4.7,
        4.82,
        5.33,
        5.81,
        6.05,
        6.33,
        6.53,
        6.89,
        7.64,
        7.64,
        9.32,
        9.8,
        9.96,
        10.8,
        10.8,
        11.1,
        11.1,
        12.0,
        12.2,
        12.3,
        12.5,
        12.8,
        14.8,
        15.7,
        16.3,
        16.8,
        17.3,
        17.9,
        18.1,
        20.5,
        21.1,
        22.4,
        23.7,
        24.3,
        33.5,
        33.9,
        35.0,
        64.1,
        14.95,
        18.05,
        21.05,
        25.75,
        27.45,
        29.15,
        30.85,
        32.2,
        34.2,
        38.05,
        40.05,
        42.05,
        44.0,
        46.15,
        50.55,
        52.95,
        55.25,
        57.65,
        65.95,
        72.0,
        72.0,
        72.0,
        72.0,
        72.0,
        72.0,
        72.0,
        72.0,
        72.0,
        72.0
      ],
      "arm_name": "arma"
    },
    {
      "events": [
        1,
        1,
        1,
        1,
        1,
        1,
        1,
        1,
        1,
        1,
        1,
        1,
        1,
        1,
        1,
        1,
        1,
        1,
        1,
        1,
        1,
        1,
        1,
        1,
        1,
        1,
        1,
        1,
        1,
        1,
        1,
        1,
        1,
        1,
        1,
        1,
        1,
        1,
        1,
        1,
        1,
        1,
        1,
        1,
        1,
        1,
        1,
        1,
        1,
        1,
        1,
        1,
        1,
        0,
        0,
        0,
        0,
        0,
        0,
        0,
        0,
        0,
        0,
        0,
        0,
        0,
        0,
        0,
        0,
        0,
        0,
        0,
        0,
        0,
        0,
        0,
        0,
        0,
        0,
        0,
        0
      ],
      "time": [
        0.342,
        1.18,
        1.47,
        1.94,
        2.36,
        2.61,
        2.71,
        2.96,
        3.02,
        3.34,
        4.45,
        4.87,
        5.12,
        5.36,
        5.5,
        6.27,
        6.65,
        6.78,
        7.99,
        8.94,
        9.26,
        11.0,
        11.3,
        11.6,
        12.2,
        12.3,
        12.3,
        12.6,
        12.7,
        13.2,
        13.5,
        14.4,
        14.5,
        14.6,
        14.7,
        15.1,
        15.2,
        15.9,
        17.7,
        20.9,
        21.2,
        21.9,
        22.1,
        22.6,
        24.2,
        25.4,
        31.0,
        33.4,
        36.1,
        42.6,
        47.9,
        49.3,
        62.4,
        14.95,
        17.95,
        20.95,
        26.45,
        28.85,
        31.15,
        33.65,
        38.05,
        40.05,
        42.05,
        44.05,
        46.05,
        54.05,
        65.95,
        72.0,
        72.0,
        72.0,
        72.0,
        72.0,
        72.0,
        72.0,
        72.0,
        72.0,
        72.0,
        72.0,
        72.0,
        72.0,
        72.0
      ],
      "arm_name": "armb"
    }
  ]
}