{
  "arm_names": [
    "arma",
    "armb"
  ],
  "curves": [
    {
      "time": [
        0.955,
        1.31,
        1.79,
        2.23,
        2.75,
        3.23,
        3.62,
        3.98,
        4.14,
        4.5,
        4.54,
        4.7,
        4.82,
        5.33,
        5.81,
        6.05,
        6.33,
        6.53,
        6.89,
        7.64,
        9.32,
        9.8,
        9.96,
        10.8,
        11.1,
        12.0,
        12.2,
        12.3,
        12.5,
        12.8,
        14.8,
        14.95,
        15.7,
        16.3,
        16.8,
        17.3,
        17.9,
        18.05,
        18.1,
        20.5,
        21.05,
        21.1,
        22.4,
        23.7,
        24.3,
        25.75,
        27.45,
        29.15,
        30.85,
        32.2,
        33.5,
        33.9,
        34.2,
        35.0,
        38.05,
        40.05,
        42.05,
        44.0,
        46.15,
        50.55,
        52.95,
        55.25,
        57.65,
        64.1,
        65.95,
        72.0
      ],
      "probability": [
        0.9875,
        0.9750000000000001,
        0.9625000000000001,
        0.9500000000000002,
        0.9375000000000001,
        0.9,
        0.8875000000000001,
        0.8750000000000001,
        0.8625000000000002,
        0.8500000000000002,
        0.8375000000000002,
        0.8250000000000002,
        0.8125000000000002,
        0.8000000000000003,
        0.7875000000000003,
        0.7750000000000004,
        0.7625000000000004,
        0.7500000000000003,
        0.7375000000000003,
        0.7125000000000002,
        0.7000000000000002,
        0.6875000000000001,
        0.6750000000000002,
        0.6500000000000001,
        0.6250000000000001,
        0.6125,
        0.6,
        0.5874999999999999,
        0.5749999999999998,
        0.5624999999999999,
        0.5499999999999998,
        0.5499999999999998,
        0.5372093023255812,
        0.5244186046511625,
        0.5116279069767439,
        0.4988372093023253,
        0.4860465116279067,
        0.4860465116279067,
        0.47291011942174704,
        0.4597737272155874,
        0.4597737272155874,
        0.446250970532776,
        0.4327282138499646,
        0.41920545716715324,
        0.40568270048434185,
        0.40568270048434185,
        0.40568270048434185,
        0.40568270048434185,
        0.40568270048434185,
        0.40568270048434185,
        0.3894553924649682,
        0.3732280844455945,
        0.3732280844455945,
        0.3562631715162493,
        0.3562631715162493,
        0.3562631715162493,
        0.3562631715162493,
        0.3562631715162493,
        0.3562631715162493,
        0.3562631715162493,
        0.3562631715162493,
        0.3562631715162493,
        0.3562631715162493,
        0.3265745738898952,
        0.3265745738898952,
        0.3265745738898952
      ],
      "interval": [
        [
          0.9145722341462994,
          0.9982297005142953
        ],
        [
          0.9037202389465079,
          0.9936883129185654
        ],
        [
          0.888237886663252,
          0.9877493471156665
        ],
        [
          0.8722484632483765,
          0.9809348619990688
        ],
        [
          0.8563472208726772,
          0.9734988443967639
        ],
        [
          0.809978613845075,
          0.9486895593100566
        ],
        [
          0.7949602862370175,
          0.9398135229647254
        ],
        [
          0.7801346807901266,
          0.9307038870251324
        ],
        [
          0.7654861368471284,
          0.9213879932453857
        ],
        [
          0.7510007130168099,
          0.9118875430984703
        ],
        [
          0.7366662052665092,
          0.9022201018317342
        ],
        [
          0.7224719899586278,
          0.8924001198215432
        ],
        [
          0.7084088239551688,
          0.8824396484342614
        ],
        [
          0.6944686503564638,
          0.87234885537556
        ],
        [
          0.6806444259065917,
          0.8621364042927924
        ],
        [
          0.6669299733617,
          0.8518097399896083
        ],
        [
          0.6533198573464611,
          0.8413753064654517
        ],
        [
          0.6398092807039673,
          0.8308387161574128
        ],
        [
          0.6263939981304574,
          0.8202048830832626
        ],
        [
          0.5998346729893118,
          0.7986622678956148
        ],
        [
          0.586684308038844,
          0.7877606768482814
        ],
        [
          0.5736164995650084,
          0.7767763511633008
        ],
        [
          0.5606288889112229,
          0.7657119519643172
        ],
        [
          0.5348861051703367,
          0.7433521324704141
        ],
        [
          0.5094418705865617,
          0.7206971452413466
        ],
        [
          0.49682818077396174,
          0.7092629838396113
        ],
        [
          0.48428524287633085,
          0.6977594794300771
        ],
        [
          0.47181210366879345,
          0.6861877503694631
        ],
        [
          0.459407955607228,
          0.6745487626034138
        ],
        [
          0.4470721290880109,
          0.6628433392460237
        ],
        [
          0.43480408614677835,
          0.6510721684945387
        ],
        [
          0.43480408614677835,
          0.6510721684945387
        ],
        [
          0.4222508719044278,
          0.6390144934868465
        ],
        [
          0.40977277636228765,
          0.6268871706489186
        ],
        [
          0.39736934385359346,
          0.6146905828551433
        ],
        [
          0.38504027779112965,
          0.6024249804714492
        ],
        [
          0.37278543672205755,
          0.5900904834893669
        ],
        [
          0.37278543672205755,
          0.5900904834893669
        ],
        [
          0.36019637072344274,
          0.5774201238291872
        ],
        [
          0.34769165630496257,
          0.5646744126816214
        ],
        [
          0.34769165630496257,
          0.5646744126816214
        ],
        [
          0.3348169361390367,
          0.5515558485523526
        ],
        [
          0.32203895967920626,
          0.5383535709081657
        ],
        [
          0.30935791674063357,
          0.5250670452924632
        ],
        [
          0.29677426714195887,
          0.5116955388124853
        ],
        [
          0.29677426714195887,
          0.5116955388124853
        ],
        [
          0.29677426714195887,
          0.5116955388124853
        ],
        [
          0.29677426714195887,
          0.5116955388124853
        ],
        [
          0.29677426714195887,
          0.5116955388124853
        ],
        [
          0.29677426714195887,
          0.5116955388124853
        ],
        [
          0.2810802180516769,
          0.4962412532902691
        ],
        [
          0.2656047060498319,
          0.48062217996007933
        ],
        [
          0.2656047060498319,
          0.48062217996007933
        ],
        [
          0.24945907661171526,
          0.4643200774883048
        ],
        [
          0.24945907661171526,
          0.4643200774883048
        ],
        [
          0.24945907661171526,
          0.4643200774883048
        ],
        [
          0.24945907661171526,
          0.4643200774883048
        ],
        [
          0.24945907661171526,
          0.4643200774883048
        ],
        [
          0.24945907661171526,
          0.4643200774883048
        ],
        [
          0.24945907661171526,
          0.4643200774883048
        ],
        [
          0.24945907661171526,
          0.4643200774883048
        ],
        [
          0.24945907661171526,
          0.4643200774883048
        ],
        [
          0.24945907661171526,
          0.4643200774883048
        ],
        [
          0.2163990775157877,
