{
  "arm_names": [
    "apbi",
    "wbi"
  ],
  "curves": [
    {
      "time": [
        0.1416,
        1.6919999999999997,
        3.4499999999999997,
        5.1419999999999995,
        6.84,
        8.598,
        10.290000000000001,
        13.559999999999999,
        13.919999999999998,
        14.879999999999999,
        16.14,
        20.34,
        22.32,
        22.56,
        25.44,
        28.799999999999997,
        29.160000000000004,
        30.240000000000002,
        32.519999999999996,
        32.76,
        33.12,
        33.480000000000004,
        35.64,
        40.68,
        47.28,
        47.88,
        48.900000000000006,
        49.38,
        49.67999999999999,
        49.92,
        50.46,
        51.0,
        51.42,
        51.900000000000006,
        52.739999999999995,
        52.92,
        53.16,
        54.0,
        54.66,
        55.38,
        56.04,
        56.58,
        56.760000000000005,
        57.0,
        57.599999999999994,
        57.78,
        58.260000000000005,
        58.980000000000004,
        59.400000000000006,
        60.0
      ],
      "probability": [
        0.9984202211690363,
        0.9984202211690363,
        0.9984202211690363,
        0.9984202211690363,
        0.9984202211690363,
        0.9984202211690363,
        0.9984202211690363,
        0.9968253006879356,
        0.9952303802068349,
        0.9936354597257342,
        0.9936354597257342,
        0.9936354597257342,
        0.9904353455237189,
        0.9856351742206961,
        0.9824350600186809,
        0.9808350029176732,
        0.9792349458166656,
        0.977634888715658,
        0.9760348316146503,
        0.9744347745136427,
        0.972834717412635,
        0.9712346603116274,
        0.9696346032106198,
        0.9664344890086045,
        0.9632343748065892,
        0.9584342035035665,
        0.9584342035035665,
        0.9584342035035665,
        0.9568287860772623,
        0.9568287860772623,
        0.9568287860772623,
        0.9568287860772623,
        0.9568287860772623,
        0.9568287860772623,
        0.9568287860772623,
        0.9552070423720466,
        0.9552070423720466,
        0.9552070423720466,
        0.9552070423720466,
        0.9552070423720466,
        0.9552070423720466,
        0.9552070423720466,
        0.9535657931583489,
        0.9535657931583489,
        0.9519217142046277,
        0.9519217142046277,
        0.9519217142046277,
        0.9519217142046277,
        0.9486164304747505,
        0.9486164304747505
      ],
      "interval": [
        [
          0.9888389193150328,
          0.9997773157153278
        ],
        [
          0.9888389193150328,
          0.9997773157153278
        ],
        [
          0.9888389193150328,
          0.9997773157153278
        ],
        [
          0.9888389193150328,
          0.9997773157153278
        ],
        [
          0.9888389193150328,
          0.9997773157153278
        ],
        [
          0.9888389193150328,
          0.9997773157153278
        ],
        [
          0.9888389193150328,
          0.9997773157153278
        ],
        [
          0.9873661794998253,
          0.9992050854371746
        ],
        [
          0.9852851507347203,
          0.9984592314362001
        ],
        [
          0.983131698157497,
          0.9976065465085793
        ],
        [
          0.983131698157497,
          0.9976065465085793
        ],
        [
          0.983131698157497,
          0.9976065465085793
        ],
        [
          0.9788345774763227,
          0.9956916808771326
        ],
        [
          0.9725744151769875,
          0.9924999743222807
        ],
        [
          0.9685069735134814,
          0.9902342781601945
        ],
        [
          0.9664991952194684,
          0.989070749254763
        ],
        [
          0.9645065870479692,
          0.9878898723568326
        ],
        [
          0.9625278111612153,
          0.9866934562361935
        ],
        [
          0.9605617027229458,
          0.9854830101659805
        ],
        [
          0.9586072443201936,
          0.9842598092994591
        ],
        [
          0.9566635435595081,
          0.9830249427362888
        ],
        [
          0.9547298140690205,
          0.9817793495771846
        ],
        [
          0.9528053596140255,
          0.9805238464478988
        ],
        [
          0.9489818645163777,
          0.9779858878856575
        ],
        [
          0.9451888417316799,
          0.9754158561941842
        ],
        [
          0.9395491306455164,
          0.971508801240291
        ],
        [
          0.9395491306455164,
          0.971508801240291
        ],
        [
          0.9395491306455164,
          0.971508801240291
        ],
        [
          0.9376734072255838,
          0.9701903953164035
        ],
        [
          0.9376734072255838,
          0.9701903953164035
        ],
        [
          0.9376734072255838,
          0.9701903953164035
        ],
        [
          0.9376734072255838,
          0.9701903953164035
        ],
        [
          0.9376734072255838,
          0.9701903953164035
        ],
        [
          0.9376734072255838,
          0.9701903953164035
        ],
        [
          0.9376734072255838,
          0.9701903953164035
        ],
        [
          0.9357798288072091,
          0.9688549836459933
        ],
        [
          0.9357798288072091,
          0.9688549836459933
        ],
        [
          0.9357798288072091,
          0.9688549836459933
        ],
        [
          0.9357798288072091,
          0.9688549836459933
        ],
        [
          0.9357798288072091,
          0.9688549836459933
        ],
        [
          0.9357798288072091,
          0.9688549836459933
        ],
        [
          0.9357798288072091,
          0.9688549836459933
        ],
        [
          0.9338639756701652,
          0.9675004483382693
        ],
        [
          0.9338639756701652,
          0.9675004483382693
        ],
        [
          0.931949843627133,
          0.9661384351365271
        ],
        [
          0.931949843627133,
          0.9661384351365271
        ],
        [
          0.931949843627133,
          0.9661384351365271
        ],
        [
          0.931949843627133,
          0.9661384351365271
        ],
        [
          0.9281137668099257,
          0.9633867494562735
        ],
        [
          0.9281137668099257,
          0.9633867494562735
        ]
      ]
    },
    {
      "time": [
        6.017999999999999,
        7.632,
        7.68,
        8.208,
        8.411999999999999,
        10.379999999999999,
        10.524000000000001,
        13.919999999999998,
        13.98,
        16.02,
        18.06,
        19.44,
        20.1,
        22.14,
        23.28,
        24.48,
        26.46,
        27.96,
        28.56,
        30.240000000000002,
        31.5,
        31.92,
        33.660000000000004,
        34.44,
        38.099999999999994,
        39.0,
        39.599999999999994,
        41.339999999999996,
        42.599999999999994,
        43.2,
        43.8,
        44.519999999999996,
        44.76,
        45.480000000000004,
        46.26,
        48.900000000000006,
        49.800000000000004,
        50.28,
        50.519999999999996,
        51.17999999999999,
        51.480000000000004,
        52.14,
        52.62,
        53.58,
        54.17999999999999,
        54.78,
        55.62,
        55.800000000000004,
        56.46,
        57.300000000000004,
        57.900000000000006,
        58.44,
        58.92,
        59.519999999999996,
        60.12
      ],