{
  "meta": {
    "identifier": "JCOG0605",
    "pubmed": "27312053",
    "registration": "UMIN000000828",
    "publication_date": "2016-06-13 00:00:00",
    "arms": 2,
    "disease": "lung_cancer",
    "subjects": 180,
    "weibull_by_arm": {
      "combination_chemotherapy": {
        "scale": 23.84023030928263,
        "shape": 1.6852274295541605
      },
      "topotecan": {
        "scale": 17.664740291819594,
        "shape": 1.32528791906166
      }
    },
    "weibull_max_diff": 0.6984640124116194,
    "time_scale": "Months",
    "title": null,
    "condition_list": null,
    "data_index": null,
    "hazard_ratios": {
      "combination_chemotherapy": {
        "topotecan": 1.5409470824726297
      },
      "topotecan": {
        "combination_chemotherapy": 0.6489515515324401
      }
    },
    "min_hazard_ratio": 0.6489515515324401
  },
  "arms": [
    {
      "events": [
        1,
        1,
        1,
        1,
        1,
        1,
        1,
        1,
        1,
        1,
        1,
        1,
        1,
        1,
        1,
        1,
        1,
        1,
        1,
        1,
        1,
        1,
        1,
        1,
        1,
        1,
        1,
        1,
        1,
        1,
        1,
        1,
        1,
        1,
        1,
        1,
        1,
        1,
        1,
        1,
        1,
        1,
        1,
        1,
        1,
        1,
        1,
        1,
        1,
        1,
        1,
        1,
        1,
        1,
        1,
        1,
        1,
        1,
        1,
        1,
        1,
        1,
        1,
        1,
        1,
        1,
        1,
        1,
        1,
        1,
        1,
        1,
        1,
        1,
        0,
        0,
        0,
        0,
        0,
        0,
        0,
        0,
        0,
        0,
        0,
        0,
        0,
        0,
        0,
        0
      ],
      "time": [
        0.956,
        3.0,
        4.91,
        5.71,
        5.89,
        6.2,
        6.96,
        7.27,
        7.54,
        7.64,
        7.66,
        8.15,
        8.24,
        8.29,
        8.71,
        9.31,
        9.36,
        9.86,
        10.3,
        10.8,
        11.4,
        11.5,
        12.3,
        12.3,
        12.5,
        12.7,
        12.8,
        13.0,
        13.4,
        13.5,
        13.9,
        14.2,
        14.3,
        14.8,
        14.9,
        15.7,
        15.8,
        15.9,
        16.1,
        16.6,
        17.3,
        17.5,
        17.6,
        18.1,
        18.2,
        18.6,
        18.7,
        18.8,
        19.1,
        19.2,
        19.6,
        20.5,
        20.6,
        21.1,
        21.2,
        22.2,
        22.9,
        23.0,
        23.2,
        24.3,
        24.5,
        27.2,
        27.3,
        27.9,
        28.7,
        28.9,
        29.0,
        31.7,
        34.8,
        35.2,
        35.7,
        35.9,
        39.0,
        39.1,
        13.95,
        15.95,
        18.85,
        19.9,
        20.75,
        21.55,
        22.45,
        23.35,
        25.65,
        27.05,
        28.55,
        32.95,
        37.95,
        39.95,
        56.95,
        59.9
      ],
      "arm_name": "combination_chemotherapy"
    },
    {
      "events": [
        1,
        1,
        1,
        1,
        1,
        1,
        1,
        1,
        1,
        1,
        1,
        1,
        1,
        1,
        1,
        1,
        1,
        1,
        1,
        1,
        1,
        1,
        1,
        1,
        1,
        1,
        1,
        1,
        1,
        1,
        1,
        1,
        1,
        1,
        1,
        1,
        1,
        1,
        1,
        1,
        1,
        1,
        1,
        1,
        1,
        1,
        1,
        1,
        1,
        1,
        1,
        1,
        1,
        1,
        1,
        1,
        1,
        1,
        1,
        1,
        1,
        1,
        1,
        1,
        1,
        1,
        1,
        1,
        1,
        1,
        1,
        1,
        1,
        1,
        1,
        1,
        1,
        1,
        1,
        1,
        0,
        0,
        0,
        0,
        0,
        0,
        0,
        0,
        0,
        0
      ],
      "time": [
        0.961,
        2.02,
        2.16,
        2.41,
        2.43,
        2.7,
        2.74,
        3.1,
        3.28,
        3.46,
        4.04,
        4.49,
        4.76,
        5.03,
        5.51,
        5.7,
        6.24,
        6.37,
        6.82,
        7.0,
        7.45,
        7.58,
        7.62,
        7.72,
        8.05,
        8.12,
        8.39,
        8.54,
        8.63,
        8.7,
        8.86,
        8.93,
        9.87,
        10.3,
        10.7,
        10.8,
        10.9,
        11.4,
        11.5,
        11.9,
        12.0,
        12.0,
        12.1,
        12.3,
        12.4,
        12.7,
        12.9,
        13.1,
        13.3,
        13.5,
        14.3,
        14.4,
        14.8,
        15.5,
        15.7,
        16.2,
        16.7,
        17.0,
        17.3,
        17.6,
        18.3,
        18.7,
        19.4,
        19.5,
        19.9,
        20.0,
        21.6,
        21.8,
        22.3,
        22.4,
        22.5,
        22.6,
        22.8,
        23.2,
        23.4,
        24.8,
        28.3,
        37.6,
        39.4,
        53.3,
        8.995,
        13.95,
        15.95,
        19.95,
        21.95,
        25.95,
        27.95,
        38.95,
        56.95,
        60.95
      ],
      "arm_name": "topotecan"
    }
  ]
}