{
  "meta": {
    "identifier": "NeoALTTO",
    "pubmed": "25130998",
    "registration": "NCT00553358",
    "publication_date": "2014-08-15 00:00:00",
    "arms": 3,
    "disease": "breast_cancer",
    "subjects": 455,
    "weibull_by_arm": {
      "lapatinib": {
        "scale": 8.757411587299698,
        "shape": 1.3541536830719016
      },
      "lapatinib_trastuzumab": {
        "scale": 9.258128498888464,
        "shape": 1.6024242078143285
      },
      "trastuzumab": {
        "scale": 8.043400240029655,
        "shape": 1.5220574496701038
      }
    },
    "weibull_max_diff": 0.8583640566096085,
    "time_scale": "Unknown",
    "title": "Neo ALTTO (Neoadjuvant Lapatinib and/or Trastuzumab Treatment Optimisation) Study",
    "condition_list": [
      "Neoplasms, Breast"
    ],
    "data_index": null,
    "hazard_ratios": {
      "lapatinib": {
        "lapatinib_trastuzumab": 0.7310583137470753,
        "trastuzumab": 0.9763934499444237
      },
      "lapatinib_trastuzumab": {
        "lapatinib": 1.367879936792526,
        "trastuzumab": 1.335682748006585
      },
      "trastuzumab": {
        "lapatinib": 1.0241772925216983,
        "lapatinib_trastuzumab": 0.748680778794539
      }
    },
    "min_hazard_ratio": 0.7310583137470753
  },
  "arms": [
    {
      "events": [
        1,
        1,
        1,
        1,
        1,
        1,
        1,
        1,
        1,
        1,
        1,
        1,
        1,
        1,
        1,
        1,
        1,
        1,
        1,
        1,
        1,
        1,
        1,
        1,
        1,
        1,
        1,
        1,
        1,
        1,
        1,
        1,
        1,
        1,
        1,
        1,
        0,
        0,
        0,
        0,
        0,
        0,
        0,
        0,
        0,
        0,
        0,
        0,
        0,
        0,
        0,
        0,
        0,
        0,
        0,
        0,
        0,
        0,
        0,
        0,
        0,
        0,
        0,
        0,
        0,
        0,
        0,
        0,
        0,
        0,
        0,
        0,
        0,
        0,
        0,
        0,
        0,
        0,
        0,
        0,
        0,
        0,
        0,
        0,
        0,
        0,
        0,
        0,
        0,
        0,
        0,
        0,
        0,
        0,
        0,
        0,
        0,
        0,
        0,
        0,
        0,
        0,
        0,
        0,
        0,
        0,
        0,
        0,
        0,
        0,
        0,
        0,
        0,
        0,
        0,
        0,
        0,
        0,
        0,
        0,
        0,
        0,
        0,
        0,
        0,
        0,
        0,
        0,
        0,
        0,
        0,
        0,
        0,
        0,
        0,
        0,
        0,
        0,
        0,
        0,
        0,
        0,
        0,
        0,
        0,
        0,
        0,
        0,
        0,
        0,
        0,
        0,
        0,
        0
      ],
      "time": [
        0.111,
        0.335,
        0.513,
        0.621,
        0.898,
        0.955,
        0.981,
        1.04,
        1.22,
        1.39,
        1.41,
        1.44,
        1.54,
        1.58,
        1.61,
        1.72,
        1.74,
        1.82,
        1.88,
        1.98,
        2.16,
        2.21,
        2.25,
        2.49,
        2.51,
        2.56,
        2.6,
        2.61,
        2.8,
        2.88,
        3.01,
        3.02,
        3.28,
        3.32,
        3.53,
        3.72,
        0.06095,
        0.1235,
        0.1865,
        0.249,
        0.312,
        0.3745,
        0.4375,
        0.5015,
        0.563,
        0.624,
        0.6885,
        0.751,
        0.8135,
        0.873,
        0.939,
        1.165,
        1.335,
        1.495,
        1.665,
        1.835,
        2.145,
        2.285,
        2.425,
        2.575,
        2.715,
        2.855,
        3.025,
        3.045,
        3.065,
        3.085,
        3.105,
        3.125,
        3.145,
        3.165,
        3.185,
        3.205,
        3.225,
        3.245,
        3.275,
        3.295,
        3.315,
        3.335,
        3.355,
        3.375,
        3.395,
        3.415,
        3.435,
        3.455,
        3.475,
        3.495,
        3.525,
        3.545,
        3.565,
        3.585,
        3.605,
        3.625,
        3.645,
        3.665,
        3.685,
        3.705,
        3.725,
        3.745,
        3.775,
        3.795,
        3.815,
        3.835,
        3.855,
        3.875,
        3.895,
        3.915,
        3.935,
        3.955,
        3.975,
        4.0,
        4.0,
        4.0,
        4.0,
        4.0,
        4.0,
        4.0,
        4.0,
        4.0,
        4.0,
        4.0,
        4.0,
        4.0,
        4.0,
        4.0,
        4.0,
        4.0,
        4.0,
        4.0,
        4.0,
        4.0,
        4.0,
        4.0,
        4.0,
        4.0,
        4.0,
        4.0,
        4.0,
        4.0,
        4.0,
        4.0,
        4.0,
        4.0,
        4.0,
        4.0,
        4.0,
        4.0,
        4.0,
        4.0,
        4.0,
        4.0,
        4.0,
        4.0,
        4.0,
        4.0
      ],
      "arm_name": "lapatinib"
    },
    {
      "events": [
        1,
        1,
        1,
        1,
        1,
        1,
        1,
        1,
        1,
        1,
        1,
        1,
        1,
        1,
        1,
        1,
        1,
        1,
        1,
        1,
        1,
        1,
        1,
        1,
        1,
        1,
        1,
        1,
        1,
        0,
        0,
        0,
        0,
        0,
        0,
        0,
        0,
        0,
        0,
        0,
        0,
        0,
        0,
        0,
        0,
        0,
        0,
        0,
        0,
        0,
        0,
        0,
        0,
        0,
        0,
        0,
        0,
        0,
        0,
        0,
        0,
        0,
        0,
        0,
        0,
        0,
        0,
        0,
        0,
        0,
        0,
        0,
        0,
        0,
        0,
        0,
        0,
        0,
        0,
        0,
        0,
        0,
        0,
        0,
        0,
        0,
        0,
        0,
        0,
        0,
        0,
        0,
        0,
        0,
        0,
        0,
        0,
        0,
        0,
        0,
        0,
        0,
        0,
        0,
        0,
        0,
        0,
        0,
        0,
        0,
        0,
        0,
        0,
        0,
        0,
        0,
        0,
        0,
        0,
        0,
        0,
        0,
        0,
        0,
        0,
        0,
        0,
        0,
        0,
        0,
        0,
        0,
        0,
        0,
        0,
        0,
        0,
        0,
        0,
        0,
        0,
        0,
        0,
        0,
        0,
        0,
        0,
        0,
        0,
        0,
        0,
        0
      ],