{
  "time": [
    0.353,
    0.434,
    0.554,
    0.644,
    0.679,
    0.692,
    0.97,
    1.3,
    1.34,
    1.64,
    1.87,
    1.98,
    2.01,
    2.06,
    2.09,
    2.15,
    2.16,
    2.25,
    2.57,
    2.59,
    2.61,
    2.7,
    2.77,
    2.84,
    2.85,
    2.93,
    2.94,
    2.98,
    3.02,
    3.09,
    3.12,
    3.13,
    3.19,
    3.69,
    3.78,
    3.89,
    3.93,
    4.04,
    4.33,
    4.4,
    4.71,
    5.04,
    5.12,
    5.21,
    5.35,
    5.44,
    5.48,
    5.59,
    5.65,
    5.66,
    5.74,
    5.77,
    5.79,
    5.89,
    6.05,
    6.16,
    6.44,
    6.7,
    6.77,
    6.8,
    6.84,
    6.87,
    6.9,
    7.09,
    7.4,
    7.52,
    7.54,
    7.675,
    7.68,
    7.69,
    7.82,
    7.85,
    7.995,
    8.08,
    8.14,
    8.16,
    8.21,
    8.345,
    8.37,
    8.38,
    8.43,
    8.53,
    8.56,
    8.59,
    8.69,
    8.72,
    9.125,
    9.265,
    9.52,
    9.59,
    9.88,
    10.05,
    10.1,
    10.4,
    10.5,
    10.6,
    10.7,
    11.15,
    11.4,
    11.9,
    12.1,
    12.2,
    12.6,
    13.0,
    13.7,
    13.8,
    13.85,
    13.9,
    13.95,
    14.5,
    14.7,
    14.95,
    15.2,
    15.5,
    15.9,
    15.95,
    16.8,
    16.9,
    17.0,
    17.2,
    17.3,
    18.0,
    18.2,
    18.5,
    19.8,
    19.9,
    20.6,
    20.7,
    20.95,
    21.3,
    21.4,
    22.8,
    24.0,
    26.0,
    26.1,
    26.9,
    27.1,
    27.95,
    28.2,
    29.9,
    30.0
  ],
  "probability": [
    0.9935897435897436,
    0.9871794871794872,
    0.9807692307692308,
    0.9743589743589745,
    0.9679487179487181,
    0.9615384615384616,
    0.9551282051282051,
    0.9487179487179487,
    0.9423076923076922,
    0.9358974358974358,
    0.9294871794871794,
    0.923076923076923,
    0.9166666666666666,
    0.9038461538461539,
    0.8974358974358975,
    0.8910256410256411,
    0.8846153846153847,
    0.8782051282051283,
    0.8717948717948719,
    0.8653846153846155,
    0.8589743589743591,
    0.8525641025641028,
    0.8461538461538463,
    0.8397435897435899,
    0.8333333333333335,
    0.8269230769230771,
    0.8205128205128207,
    0.8141025641025643,
    0.8076923076923079,
    0.8012820512820515,
    0.7948717948717952,
    0.7884615384615388,
    0.7820512820512823,
    0.7756410256410259,
    0.7692307692307695,
    0.7628205128205131,
    0.7564102564102567,
    0.743589743589744,
    0.7371794871794876,
    0.7307692307692312,
    0.7243589743589748,
    0.7179487179487184,
    0.711538461538462,
    0.7051282051282056,
    0.6987179487179492,
    0.6923076923076928,
    0.6858974358974363,
    0.67948717948718,
    0.6730769230769236,
    0.6666666666666672,
    0.6602564102564108,
    0.6538461538461544,
    0.647435897435898,
    0.6410256410256416,
    0.6346153846153852,
    0.6282051282051289,
    0.6217948717948725,
    0.6153846153846161,
    0.6089743589743597,
    0.6025641025641033,
    0.5961538461538469,
    0.5897435897435905,
    0.5897435897435905,
    0.5832628909551995,
    0.5767821921668084,
    0.5767821921668084,
    0.5702278490740037,
    0.5702278490740037,
    0.5635972926894223,
    0.5569667363048408,
    0.5503361799202594,
    0.543705623535678,
    0.543705623535678,
    0.5369932084302992,
    0.5302807933249205,
    0.5235683782195418,
    0.5101435480087844,
    0.5101435480087844,
    0.49653972006188346,
    0.489737806088433,
    0.48293589211498256,
    0.47613397814153213,
    0.4693320641680817,
    0.4625301501946313,
    0.45572823622118086,
    0.4489263222477304,
    0.4489263222477304,
    0.4489263222477304,
    0.4419118484626096,
    0.43489737467748885,
    0.4278829008923681,
    0.4278829008923681,
    0.4278829008923681,
    0.41337839577737256,
    0.39887389066237705,
    0.39162163810487927,
    0.38423255059346645,
    0.38423255059346645,
    0.37669857901320236,
    0.36916460743293833,
    0.3616306358526743,
    0.3540966642724102,
    0.3465626926921462,
    0.33902872111188215,
    0.3314947495316181,
    0.3239607779513541,
    0.3239607779513541,
    0.30853407423938484,
    0.30853407423938484,
    0.30062294413068263,
    0.2927118140219805,
    0.2927118140219805,
    0.2845809302991477,
    0.27645004657631495,
    0.2683191628534822,
    0.2683191628534822,
    0.25993418901431087,
    0.25154921517513956,
    0.24316424133596826,
    0.23477926749679695,
    0.22639429365762564,
    0.21800931981845434,
    0.20962434597928303,
    0.2012393721401117,
    0.1928543983009404,
    0.17608445062259775,
    0.16769947678342642,
    0.1593145029442551,
    0.1593145029442551,
    0.14994306159459303,
    0.14057162024493097,
    0.13120017889526892,
    0.13120017889526892,
    0.13120017889526892,
    0.1202668306539965,
    0.10933348241272409,
    0.09840013417145169,
    0.09840013417145169,
    0.08610011740002023,
    0.08610011740002023,
    0.08610011740002023
  ],