{
  "arm_names": [
    "capecitabine",
    "peg_doxorubicin"
  ],
  "curves": [
    {
      "time": [
        0.353,
        0.434,
        0.554,
        0.644,
        0.692,
        0.97,
        1.34,
        1.87,
        2.09,
        2.15,
        2.25,
        2.59,
        2.84,
        2.85,
        2.98,
        3.09,
        3.13,
        3.93,
        5.04,
        5.12,
        5.35,
        5.48,
        5.59,
        5.74,
        6.16,
        6.87,
        7.09,
        7.4,
        7.52,
        7.68,
        7.69,
        7.82,
        7.85,
        8.08,
        8.14,
        8.16,
        8.21,
        8.37,
        8.38,
        8.56,
        9.125,
        10.4,
        10.5,
        10.6,
        11.4,
        13.0,
        13.8,
        13.9,
        14.5,
        14.7,
        14.95,
        15.2,
        15.5,
        16.8,
        17.0,
        17.3,
        18.5,
        19.8,
        19.9,
        20.6,
        20.7,
        20.95,
        21.3,
        21.4,
        22.8,
        24.0,
        26.9,
        30.0
      ],
      "probability": [
        0.9868421052631579,
        0.9736842105263158,
        0.9605263157894738,
        0.9473684210526316,
        0.9342105263157896,
        0.9210526315789476,
        0.9078947368421055,
        0.8947368421052635,
        0.8815789473684215,
        0.8684210526315793,
        0.8552631578947372,
        0.8421052631578951,
        0.828947368421053,
        0.815789473684211,
        0.8026315789473688,
        0.7894736842105267,
        0.7763157894736845,
        0.7631578947368425,
        0.7500000000000003,
        0.7368421052631582,
        0.723684210526316,
        0.7105263157894739,
        0.6973684210526319,
        0.6842105263157897,
        0.6710526315789476,
        0.6578947368421054,
        0.6447368421052633,
        0.6315789473684211,
        0.6315789473684211,
        0.6181410974244121,
        0.6047032474804032,
        0.5912653975363942,
        0.5778275475923852,
        0.5643896976483762,
        0.5509518477043672,
        0.5375139977603582,
        0.5106382978723403,
        0.49720044792833135,
        0.4837625979843224,
        0.47032474804031343,
        0.47032474804031343,
        0.4564916672155983,
        0.44265858639088324,
        0.4288255055661681,
        0.4145313220472958,
        0.4002371385284236,
        0.38594295500955134,
        0.3716487714906791,
        0.35735458797180686,
        0.34306040445293456,
        0.34306040445293456,
        0.3281447346941113,
        0.31322906493528807,
        0.2983133951764648,
        0.2833977254176416,
        0.26848205565881833,
        0.2535663858999951,
        0.23865071614117184,
        0.20881937662352534,
        0.19390370686470212,
        0.1789880371058789,
        0.1789880371058789,
        0.16271639736898083,
        0.14644475763208276,
        0.13017311789518465,
        0.13017311789518465,
        0.11157695819587257,
        0.11157695819587257
      ],
      "interval": [
        [
          0.9102553109267459,
          0.9981359972257208
        ],
        [
          0.8988530510742422,
          0.9933527989339347
        ],
        [
          0.8826014274882981,
          0.9870957810054113
        ],
        [
          0.8658233734411217,
          0.9799144848232578
        ],
        [
          0.8491425721973691,
          0.9720763256853244
        ],
        [
          0.8326904220458529,
          0.9637358708584591
        ],
        [
          0.8164876680457245,
          0.9549922867481587
        ],
        [
          0.8005251689313542,
          0.9459138230818465
        ],
        [
          0.7847860320051547,
          0.9365498874894979
        ],
        [
          0.7692524710514214,
          0.926937638318331
        ],
        [
          0.7539079622361095,
          0.9171058663439274
        ],
        [
          0.7387378113162089,
          0.9070774174109217
        ],
        [
          0.7237291673582311,
          0.896870776380169
        ],
        [
          0.7088708543671796,
          0.8865011428053974
        ],
        [
          0.6941531589229285,
          0.8759811848984721
        ],
        [
          0.679567624453195,
          0.8653215823135901
        ],
        [
          0.6651068687551721,
          0.8545314259425661
        ],
        [
          0.650764428086194,
          0.8436185182718109
        ],
        [
          0.6365346261828843,
          0.8325896029569565
        ],
        [
          0.6224124650026249,
          0.8214505429679695
        ],
        [
          0.6083935337761671,
          0.8102064606777012
        ],
        [
          0.5944739332614672,
          0.7988618493242993
        ],
        [
          0.5806502125383833,
          0.7874206626192056
        ],
        [
          0.5669193161369165,
          0.7758863874427986
        ],
        [
          0.5532785396954706,
          0.7642621032873074
        ],
        [
          0.5397254926865508,
          0.7525505311926303
        ],
        [
          0.5262580670276724,
          0.74075407425923
        ],
        [
          0.5128744106227836,
          0.7288748513367556
        ],
        [
          0.5128744106227836,
          0.7288748513367556
        ],
        [
          0.49921528546534794,
          0.7167113560406279
        ],
        [
          0.48564626325688737,
          0.7044633594261056
        ],
        [
          0.4721656027453462,
          0.6921324294896182
        ],
        [
          0.45877182310060755,
          0.6797199145994567
        ],
        [
          0.4454636832790422,
          0.667226959004386
        ],
        [
          0.43224016526595116,
          0.6546545155377432
        ],
        [
          0.41910046064230866,
          0.6420033558642892
        ],
        [
          0.3930702452332271,
          0.6164671150853457
        ],
        [
          0.3801790834145685,
          0.6035827342357619
        ],
        [
          0.36737042384177654,
          0.5906210444490692
        ],
        [
          0.3546443963950583,
          0.5775819947511268
        ],
        [
          0.3546443963950583,
          0.5775819947511268
        ],
        [
          0.34153796834723527,
          0.5641600487392139
        ],
        [
          0.3285271872232088,
          0.5506524080628228
        ],
        [
          0.3156124586515795,
          0.5370585396449015
        ],
        [
          0.3022604426879038,
          0.5230217928165839
        ],
        [
          0.2890218470993107,
          0.5088869256040058
        ],
        [
          0.2758976024740848,
          0.4946527243782122
        ],
        [
          0.2628890172876303,
          0.48031768738711905
        ],
        [
          0.24999779715621065,
          0.4658800033493888
        ],
        [
          0.23722607109595514,
          0.45133752471363964
        ],
        [
          0.23722607109595514,
          0.45133752471363964
        ],
        [
          0.22388444569607652,
          0.4362047013985129
        ],
        [
          0.21069383417085988,
          0.4209441774369879
        ],
        [
          0.19765791348597103,
          0.4055521899263077
        ],
        [
          0.1847811802527686,
          0.3900243205421026
        ],
        [
          0.1720690561938479,
          0.3743554007640579
        ],
        [
          0.15952802367055358,
          0.35853939264612456
        ],
        [
          0.14716579996891888,
          0.342569237956738
        ],
        [
          0.12301624279287185,
          0.3101319443046632
        ],
        [
          0.11125291321789234,
          0.29364355759965877
        ],
        [
          0.09971730622630393,
          0.27695777679476924
        ],
        [
          0.09971730622630393,
