{
  "arm_names": [
    "capecitabine",
    "peg_doxorubicin"
  ],
  "curves": [
    {
      "time": [
        0.353,
        0.554,
        0.692,
        0.97,
        1.34,
        1.87,
        2.25,
        2.59,
        2.84,
        2.85,
        2.98,
        3.09,
        5.04,
        5.12,
        5.35,
        5.48,
        5.74,
        7.4,
        7.69,
        7.85,
        8.08,
        8.14,
        8.16,
        8.37,
        8.38,
        8.56,
        10.6,
        11.4,
        13.8,
        13.9,
        14.5,
        14.7,
        15.5,
        17.0,
        19.9,
        21.3,
        21.4,
        24.0
      ],
      "probability": [
        0.9736842105263158,
        0.9473684210526316,
        0.9210526315789475,
        0.8947368421052633,
        0.8684210526315791,
        0.8421052631578949,
        0.8157894736842107,
        0.7894736842105265,
        0.7631578947368424,
        0.7368421052631582,
        0.710526315789474,
        0.6842105263157898,
        0.6578947368421056,
        0.6315789473684214,
        0.6052631578947372,
        0.578947368421053,
        0.5526315789473688,
        0.5263157894736845,
        0.5000000000000002,
        0.47368421052631604,
        0.4473684210526318,
        0.42105263157894757,
        0.39473684210526333,
        0.3684210526315791,
        0.34210526315789486,
        0.3157894736842107,
        0.28947368421052644,
        0.2631578947368422,
        0.236842105263158,
        0.21052631578947376,
        0.18421052631578955,
        0.15789473684210534,
        0.13157894736842113,
        0.1052631578947369,
        0.07894736842105268,
        0.05263157894736846,
        0.02631578947368423,
        0.02631578947368423
      ],
      "interval": [
        [
          0.8275127319406069,
          0.9962506820229015
        ],
        [
          0.8055573036380457,
          0.9865711794032551
        ],
        [
          0.7748651616495266,
          0.9738333476861528
        ],
        [
          0.743415432311797,
          0.959134578492912
        ],
        [
          0.712345551708034,
          0.9430102213472157
        ],
        [
          0.6818845947553639,
          0.9257699045523139
        ],
        [
          0.6520607908201294,
          0.907611956032051
        ],
        [
          0.6228503283533636,
          0.8886722731777423
        ],
        [
          0.5942175883150334,
          0.8690484640329448
        ],
        [
          0.5661272965715474,
          0.8488130417389399
        ],
        [
          0.538548147998763,
          0.8280211921603245
        ],
        [
          0.5114536175998754,
          0.8067156122660879
        ],
        [
          0.4848218381004783,
          0.7849296579195951
        ],
        [
          0.4586352072575428,
          0.7626894608918735
        ],
        [
          0.4328799655299708,
          0.7400153870979689
        ],
        [
          0.407545829290785,
          0.7169230554419554
        ],
        [
          0.3826257064002628,
          0.6934240511527257
        ],
        [
          0.35811549994269115,
          0.6695264171280861
        ],
        [
          0.3340139999155012,
          0.6452349756073193
        ],
        [
          0.31032286299443185,
          0.6205515120116522
        ],
        [
          0.28704668387621146,
          0.5954748382717783
        ],
        [
          0.2641931670769024,
          0.570000741493321
        ],
        [
          0.2417734155113523,
          0.5441218133652811
        ],
        [
          0.2198023625390776,
          0.5178271445551674
        ],
        [
          0.19829938912226433,
          0.4911018545493177
        ],
        [
          0.17728919028062975,
          0.4639264083911276
        ],
        [
          0.15680299040212325,
          0.43627564348180864
        ],
        [
          0.1368802647462329,
          0.4081173851465202
        ],
        [
          0.11757122281602098,
          0.3794104567299135
        ],
        [
          0.0989404843605416,
          0.35010176580634383
        ],
        [
          0.08107270692268749,
          0.3201219296266403
        ],
        [
          0.06408157718048972,
          0.2893785094904053
        ],
        [
          0.04812497728796176,
          0.25774522121984045
        ],
        [
          0.03343241383457825,
          0.22504440928130381
        ],
        [
          0.02035938111146195,
          0.19102018053861733
        ],
        [
          0.009509143880924244,
          0.15532231480371886
        ],
        [
          0.0020490994848584585,
          0.11794649845802237
        ],
        [
          0.0020490994848584585,
          0.11794649845802237
        ]
      ]
    },
    {
      "time": [
        0.679,
        1.64,
        2.01,
        2.06,
        2.57,
        2.61,
        2.7,
        2.77,
        2.93,
        2.94,
        3.12,
        3.19,
        3.69,
        3.78,
        3.89,
        4.33,
        5.21,
        5.44,
        5.65,
        5.66,
        5.77,
        5.79,
        5.89,
        6.05,
        6.44,
        6.7,
        7.995,
        8.37,
        8.43,
        8.53,
        8.59,
        8.69,
        9.52,
        9.88,
        10.05,
        10.5,
        11.9,
        12.2,
        12.6,
        13.85
      ],
      "probability": [
        0.975,
        0.95,
        0.9249999999999999,
        0.9,
        0.875,
        0.85,
        0.825,
        0.7999999999999999,
        0.7749999999999999,
        0.7499999999999999,
        0.7249999999999999,
        0.7,
        0.6749999999999999,
        0.65,
        0.625,
        0.6,
        0.575,
        0.5499999999999999,
        0.5249999999999999,
        0.4999999999999999,
        0.47499999999999987,
        0.4499999999999999,
        0.4249999999999999,
        0.39999999999999986,
        0.3749999999999999,
        0.3499999999999999,
        0.3499999999999999,
        0.32307692307692304,
        0.2961538461538461,
        0.26923076923076916,
        0.24230769230769225,
        0.2153846153846153,
        0.1884615384615384,
        0.1615384615384615,
        0.1615384615384615,
        0.1292307692307692,
        0.0969230769230769,
        0.06461538461538462,
        0.03230769230769231,
        0.03230769230769231
      ],