{
  "time": [
    1.77,
    2.48,
    2.56,
    3.5,
    4.23,
    5.22,
    5.39,
    5.77,
    6.08,
    6.09,
    6.26,
    6.52,
    6.58,
    6.81,
    7.51,
    7.54,
    7.56,
    8.74,
    9.47,
    9.7,
    9.72,
    10.2,
    10.4,
    11.0,
    11.2,
    11.3,
    11.4,
    11.9,
    12.2,
    12.7,
    13.2,
    14.2,
    14.3,
    14.5,
    14.8,
    15.4,
    15.7,
    15.8,
    15.9,
    16.1,
    16.2,
    16.4,
    16.5,
    16.7,
    16.8,
    17.3,
    17.4,
    18.2,
    18.3,
    18.5,
    18.8,
    19.0,
    19.8,
    20.1,
    20.2,
    20.7,
    20.8,
    21.2,
    21.4,
    21.6,
    22.1,
    22.2,
    22.7,
    22.9,
    23.0,
    23.4,
    24.4,
    24.5,
    24.7,
    25.2,
    25.9,
    26.1,
    26.6,
    26.8,
    27.0,
    27.2,
    27.3,
    27.45,
    28.0,
    28.1,
    28.2,
    28.5,
    29.0,
    29.3,
    29.4,
    29.5,
    29.8,
    30.3,
    30.5,
    30.8,
    31.3,
    31.4,
    32.4,
    32.9,
    33.3,
    34.0,
    34.1,
    34.3,
    35.4,
    35.8,
    35.9,
    36.0,
    36.9,
    37.0,
    37.3,
    37.4,
    37.5,
    39.0,
    40.45,
    40.6,
    40.95,
    41.35,
    41.45,
    41.85,
    42.2,
    42.25,
    42.75,
    43.0,
    43.05,
    43.25,
    43.65,
    43.85,
    44.15,
    44.6,
    44.65,
    45.1,
    45.75,
    46.55,
    47.25,
    48.05,
    48.75,
    48.8,
    48.9,
    49.55,
    50.85
  ],
  "probability": [
    0.9935064935064936,
    0.9935064935064936,
    0.9935064935064936,
    0.980347467102434,
    0.9737679539004043,
    0.9671884406983745,
    0.9606089274963447,
    0.954029414294315,
    0.9474499010922852,
    0.9408703878902555,
    0.9342908746882257,
    0.9277113614861959,
    0.9211318482841662,
    0.9145523350821364,
    0.9079728218801066,
    0.9013933086780769,
    0.9013933086780769,
    0.8947654167025028,
    0.8881375247269286,
    0.8815096327513545,
    0.8748817407757804,
    0.8682538488002063,
    0.8616259568246322,
    0.854998064849058,
    0.8483701728734839,
    0.8417422808979098,
    0.8351143889223357,
    0.8284864969467616,
    0.8218586049711875,
    0.8152307129956133,
    0.8019749290444652,
    0.7953470370688911,
    0.788719145093317,
    0.7820912531177429,
    0.7754633611421687,
    0.7622075771910205,
    0.7555796852154465,
    0.7489517932398724,
    0.7423239012642983,
    0.72906811731315,
    0.7158123333620018,
    0.7091844413864277,
    0.7025565494108535,
    0.6959286574352794,
    0.6826728734841312,
    0.6760449815085571,
    0.669417089532983,
    0.6627891975574088,
    0.6561613055818347,
    0.6429055216306865,
    0.6362776296551124,
    0.6296497376795382,
    0.6230218457039641,
    0.6163939537283901,
    0.609766061752816,
    0.6031381697772419,
    0.5965102778016678,
    0.5898823858260938,
    0.5832544938505196,
    0.5766266018749455,
    0.5699987098993714,
    0.5633708179237973,
    0.5567429259482233,
    0.5501150339726492,
    0.543487141997075,
    0.5368592500215009,
    0.5302313580459268,
    0.5236034660703528,
    0.5169755740947787,
    0.5103476821192047,
    0.5037197901436306,
    0.49709189816805643,
    0.49046400619248237,
    0.4838361142169083,
    0.4772082222413342,
    0.4705803302657601,
    0.46395243829018606,
    0.46395243829018606,
    0.4572284899091689,
    0.4505045415281518,
    0.4437805931471346,
    0.4370566447661174,
    0.423608748004083,
    0.41688479962306585,
    0.41016085124204865,
    0.40343690286103145,
    0.39671295448001426,
    0.38998900609899706,
    0.38326505771797986,
    0.37654110933696266,
    0.36981716095594547,
    0.3563692641939111,
    0.3496453158128939,
    0.3429213674318767,
    0.3361974190508595,
    0.3294734706698423,
    0.3227495222888251,
    0.3160255739078079,
    0.3093016255267907,
    0.3025776771457735,
    0.2958537287647563,
    0.28240583200272196,
    0.27568188362170476,
    0.26895793524068756,
    0.26223398685967036,
    0.26223398685967036,
    0.2553330924686264,
    0.24843219807758246,
    0.24843219807758246,
    0.24133413527536582,
    0.24133413527536582,
    0.24133413527536582,
    0.24133413527536582,
    0.24133413527536582,
    0.24133413527536582,
    0.24133413527536582,
    0.24133413527536582,
    0.23084134678513252,
    0.23084134678513252,
    0.23084134678513252,
    0.23084134678513252,
    0.23084134678513252,
    0.23084134678513252,
    0.23084134678513252,
    0.23084134678513252,
    0.20775721210661927,
    0.20775721210661927,
    0.20775721210661927,
    0.20775721210661927,
    0.20775721210661927,
    0.20775721210661927,
    0.15581790907996446,
    0.10387860605330965,
    0.10387860605330965,
    0.10387860605330965
  ],