{
  "arm_names": [
    "erlotinib",
    "gem_carboplatin"
  ],
  "curves": [
    {
      "time": [
        2.48,
        4.23,
        5.22,
        5.77,
        6.26,
        6.52,
        6.58,
        8.74,
        9.47,
        9.72,
        10.4,
        11.0,
        11.2,
        12.7,
        14.2,
        14.3,
        14.5,
        14.8,
        15.4,
        15.7,
        15.8,
        15.9,
        16.5,
        16.7,
        16.8,
        17.3,
        18.2,
        18.3,
        18.5,
        18.8,
        19.0,
        19.8,
        20.2,
        20.7,
        20.8,
        21.2,
        21.4,
        21.6,
        22.1,
        22.2,
        22.7,
        22.9,
        25.2,
        25.9,
        26.6,
        27.0,
        27.45,
        28.0,
        28.1,
        28.2,
        28.5,
        29.4,
        29.8,
        30.3,
        30.5,
        31.4,
        32.9,
        34.3,
        35.4,
        35.8,
        35.9,
        36.0,
        37.0,
        37.3,
        37.5,
        39.0,
        40.45,
        40.6,
        40.95,
        41.35,
        41.85,
        42.25,
        42.75,
        43.0,
        43.25,
        43.65,
        44.15,
        44.6
      ],
      "probability": [
        1.0,
        0.9876543209876543,
        0.9753086419753086,
        0.962962962962963,
        0.9506172839506174,
        0.9382716049382717,
        0.9259259259259259,
        0.9135802469135803,
        0.9012345679012347,
        0.888888888888889,
        0.8765432098765433,
        0.8641975308641977,
        0.8518518518518521,
        0.8395061728395065,
        0.8271604938271608,
        0.8148148148148151,
        0.8024691358024695,
        0.7901234567901239,
        0.7777777777777781,
        0.7654320987654325,
        0.7530864197530869,
        0.7407407407407411,
        0.7283950617283954,
        0.7160493827160498,
        0.703703703703704,
        0.6913580246913583,
        0.6790123456790126,
        0.6666666666666669,
        0.6543209876543212,
        0.6419753086419755,
        0.6296296296296298,
        0.617283950617284,
        0.6049382716049383,
        0.5925925925925926,
        0.5802469135802468,
        0.5679012345679011,
        0.5555555555555555,
        0.5432098765432097,
        0.5308641975308641,
        0.5185185185185184,
        0.5061728395061726,
        0.49382716049382697,
        0.4814814814814813,
        0.4691358024691356,
        0.45679012345678993,
        0.4444444444444443,
        0.4444444444444443,
        0.4317460317460316,
        0.4190476190476189,
        0.4063492063492062,
        0.3936507936507935,
        0.38095238095238076,
        0.36825396825396806,
        0.3555555555555554,
        0.3428571428571427,
        0.33015873015873004,
        0.31746031746031733,
        0.3047619047619046,
        0.2920634920634919,
        0.2793650793650792,
        0.26666666666666655,
        0.25396825396825384,
        0.24126984126984113,
        0.22857142857142845,
        0.21587301587301574,
        0.20317460317460306,
        0.20317460317460306,
        0.18962962962962954,
        0.18962962962962954,
        0.18962962962962954,
        0.18962962962962954,
        0.18962962962962954,
        0.18962962962962954,
        0.1685596707818929,
        0.1685596707818929,
        0.1685596707818929,
        0.1685596707818929,
        0.1685596707818929
      ],
      "interval": [
        [
          1.0,
          1.0
        ],
        [
          0.9155873861038976,
          0.9982516725883477
        ],
        [
          0.9048647724915234,
          0.993766965141646
        ],
        [
          0.8895635227225535,
          0.9879025233694138
        ],
        [
          0.873759849609548,
          0.9811739591610006
        ],
        [
          0.8580422962169616,
          0.9738321097831139
        ],
        [
          0.8425352245898775,
          0.9660219298009893
        ],
        [
          0.827258565136873,
          0.9578364045082125
        ],
        [
          0.8122039807406207,
          0.9493395244520711
        ],
        [
          0.7973557573576523,
          0.9405776138320668
        ],
        [
          0.7826972866062971,
          0.931585515018355
        ],
        [
          0.7682131104736675,
          0.9223902293836562
        ],
        [
          0.7538894646582361,
          0.9130131893329112
        ],
        [
          0.739714297618748,
          0.9034717436242502
        ],
        [
          0.7256771162479219,
          0.8937801659844554
        ],
        [
          0.7117687888802035,
          0.8839503620326424
        ],
        [
          0.6979813537089886,
          0.87399237819294
        ],
        [
          0.6843078485062479,
          0.8639147765571106
        ],
        [
          0.6707421649330977,
          0.8537249165423656
        ],
        [
          0.6572789260043065,
          0.8434291702185249
        ],
        [
          0.6439133837610007,
          0.833033089453211
        ],
        [
          0.6306413339901396,
          0.8225415374157448
        ],
        [
          0.6174590450976433,
          0.8119587932834985
        ],
        [
          0.6043631986546735,
          0.8012886365017193
        ],
        [
          0.5913508395554737,
          0.7905344152327124
        ],
        [
          0.5784193340996978,
          0.7796991024283857
        ],
        [
          0.5655663346288153,
          0.7687853421038624
        ],
        [
          0.5527897496066715,
          0.7577954877704595
        ],
        [
          0.5400877182455935,
          0.7467316345319812
        ],
        [
          0.5274585889498008,
          0.7355956460106755
        ],
        [
          0.5149009009849655,
          0.7243891770152919
        ],
        [
          0.5024133688932206,
          0.713113692670527
        ],
        [
          0.4899948692621744,
          0.7017704845786029
        ],
        [
          0.47764442952898634,
          0.6903606844682548
        ],
        [
          0.4653612185598135,
          0.6788852756956959
        ],
        [
          0.4531445387937454,
          0.6673451028900905
        ],
        [
          0.4409938197809576,
          0.655740879978184
        ],
        [
          0.42890861297899346,
          0.6440731967756523
        ],
        [
          0.41688858770029014,
          0.6323425242938719
        ],
        [
          0.40493352812944816,
          0.6205492188781899
        ],
        [
          0.3930433313513125,
          0.6086935252658789
        ],
        [
          0.38121800635148073,
          0.5967755786275043
        ],
        [
          0.36945767397015056,
          0.5847954056334307
        ],
        [
          0.35776256780891025,
          0.5727529245667625
        ],
        [
          0.3461330361088226,
          0.5606479444843558
        ],
        [
          0.33456954463760463,
          0.5484801634079538
        ],
        [
          0.33456954463760463,
          0.5484801634079538
        ],
        [
          0.322667230983686,
          0.5359701713669935
        ],
        [
          0.3108417338669021,
          0.5233902052074016
        ],
        [
          0.2990937605419412,
          0.5107395836854031
        ],
        [
          0.2874241979245168,
          0.49801747536928265
        ],
        [
          0.27583412170747884,
          0.4852228897962463
        ],
        [
          0.2643248078766603,
          0.4723546666793372
        ],
        [
          0.2528977469354084,
          0.45941146288294415
        ],
        [
          0.24155466123635247,
          0.44639173681249844
        ],
        [
          0.23029752592966865,
          0.43329372977294367
        ],
        [
          0.21912859417628772,
          0.420115443735507
        ],
        [
