{
  "meta": {
    "identifier": "OPTIMAL",
    "pubmed": "26141208",
    "publication_date": "2015-07-03 00:00:00",
    "arms": 2,
    "disease": "lung_cancer",
    "subjects": 154,
    "weibull_by_arm": {
      "erlotinib": {
        "scale": 31.146763609042182,
        "shape": 1.8553990239620501
      },
      "gem_carboplatin": {
        "scale": 35.52979213574665,
        "shape": 1.4356845134224414
      }
    },
    "weibull_max_diff": {
      "scale": 0.8766379350051223,
      "shape": 0.773787468291676
    },
    "time_scale": "Months"
  },
  "arms": [
    {
      "events": [
        1,
        1,
        1,
        1,
        1,
        1,
        1,
        1,
        1,
        1,
        1,
        1,
        1,
        1,
        1,
        1,
        1,
        1,
        1,
        1,
        1,
        1,
        1,
        1,
        1,
        1,
        1,
        1,
        1,
        1,
        1,
        1,
        1,
        1,
        1,
        1,
        1,
        1,
        1,
        1,
        1,
        1,
        1,
        1,
        1,
        1,
        1,
        1,
        1,
        1,
        1,
        1,
        1,
        1,
        1,
        1,
        1,
        1,
        1,
        1,
        1,
        1,
        1,
        1,
        1,
        1,
        0,
        0,
        0,
        0,
        0,
        0,
        0,
        0,
        0,
        0,
        0,
        0,
        0,
        0,
        0,
        0
      ],
      "time": [
        4.23,
        5.22,
        5.77,
        6.26,
        6.52,
        6.58,
        8.74,
        9.47,
        9.72,
        10.4,
        11.0,
        11.2,
        12.7,
        14.2,
        14.3,
        14.5,
        14.8,
        15.4,
        15.7,
        15.8,
        15.9,
        16.5,
        16.7,
        16.8,
        17.3,
        18.2,
        18.3,
        18.5,
        18.8,
        19.0,
        19.8,
        20.2,
        20.7,
        20.8,
        21.2,
        21.4,
        21.6,
        22.1,
        22.2,
        22.7,
        22.9,
        25.2,
        25.9,
        26.6,
        27.0,
        28.0,
        28.1,
        28.2,
        28.5,
        29.4,
        29.8,
        30.3,
        30.5,
        31.4,
        32.9,
        34.3,
        35.4,
        35.8,
        35.9,
        36.0,
        37.0,
        37.3,
        37.5,
        39.0,
        40.6,
        43.0,
        2.48,
        27.45,
        40.45,
        40.95,
        41.35,
        41.85,
        42.25,
        42.75,
        43.25,
        43.65,
        44.15,
        44.6,
        44.6,
        44.6,
        44.6,
        44.6
      ],
      "arm_name": "erlotinib"
    },
    {
      "events": [
        1,
        1,
        1,
        1,
        1,
        1,
        1,
        1,
        1,
        1,
        1,
        1,
        1,
        1,
        1,
        1,
        1,
        1,
        1,
        1,
        1,
        1,
        1,
        1,
        1,
        1,
        1,
        1,
        1,
        1,
        1,
        1,
        1,
        1,
        1,
        1,
        1,
        1,
        1,
        1,
        1,
        1,
        1,
        1,
        1,
        1,
        1,
        1,
        1,
        1,
        1,
        1,
        0,
        0,
        0,
        0,
        0,
        0,
        0,
        0,
        0,
        0,
        0,
        0,
        0,
        0,
        0,
        0,
        0,
        0,
        0,
        0
      ],
      "time": [
        1.77,
        3.5,
        3.5,
        5.39,
        6.08,
        6.09,
        6.81,
        7.51,
        7.54,
        9.7,
        10.2,
        11.3,
        11.4,
        11.9,
        12.2,
        13.2,
        13.2,
        15.4,
        16.1,
        16.1,
        16.2,
        16.2,
        16.4,
        16.8,
        17.4,
        18.5,
        20.1,
        23.0,
        23.4,
        24.4,
        24.5,
        24.7,
        26.1,
        26.8,
        27.2,
        27.3,
        29.0,
        29.0,
        29.3,
        29.5,
        30.8,
        31.3,
        31.4,
        32.4,
        33.3,
        34.0,
        34.1,
        36.0,
        36.9,
        45.1,
        48.8,
        48.9,
        2.56,
        7.56,
        37.4,
        40.6,
        40.95,
        41.45,
        41.85,
        42.2,
        42.75,
        43.05,
        43.85,
        43.85,
        44.65,
        45.75,
        46.55,
        47.25,
        48.05,
        48.75,
        49.55,
        50.85
      ],
      "arm_name": "gem_carboplatin"
    }
  ]
}