{
  "arm_names": [
    "arma",
    "armb"
  ],
  "curves": [
    {
      "time": [
        2.088,
        3.816,
        4.0200000000000005,
        4.464,
        4.992,
        6.084,
        6.216,
        6.564,
        7.853999999999999,
        8.040000000000001,
        9.588000000000001,
        9.984,
        10.056,
        10.344,
        12.0,
        12.36,
        12.72,
        12.84,
        14.34,
        16.740000000000002,
        18.12,
        18.84,
        19.14,
        19.44,
        20.04,
        21.54,
        22.32,
        23.28,
        23.64,
        24.599999999999998,
        25.799999999999997,
        25.92,
        27.0,
        28.08,
        33.36,
        33.480000000000004,
        34.32,
        34.44,
        39.24,
        41.88,
        42.0,
        42.06,
        43.32,
        47.519999999999996,
        48.54,
        49.14,
        50.04,
        50.94,
        51.54,
        52.14,
        52.739999999999995,
        53.400000000000006,
        53.94,
        54.300000000000004,
        55.199999999999996,
        55.739999999999995,
        56.34,
        56.94,
        57.66,
        58.14,
        58.62,
        59.519999999999996,
        60.0
      ],
      "probability": [
        1.0,
        1.0,
        0.9882352941176471,
        0.9764705882352942,
        0.9647058823529412,
        0.9647058823529412,
        0.95279593318809,
        0.9408859840232389,
        0.9408859840232389,
        0.9288233432024281,
        0.9167607023816173,
        0.9167607023816173,
        0.9045372263498624,
        0.8923137503181076,
        0.8800902742863526,
        0.8678667982545977,
        0.8556433222228428,
        0.8434198461910879,
        0.8434198461910879,
        0.8434198461910879,
        0.830831490277788,
        0.8182431343644883,
        0.8182431343644883,
        0.8054580853900432,
        0.792673036415598,
        0.792673036415598,
        0.7796783964743588,
        0.7666837565331194,
        0.7536891165918801,
        0.7406944766506408,
        0.7276998367094014,
        0.714705196768162,
        0.7017105568269227,
        0.6757212769444442,
        0.6627266370032048,
        0.6497319970619655,
        0.6367373571207262,
        0.6237427171794869,
        0.6107480772382476,
        0.5977534372970084,
        0.5847587973557691,
        0.5847587973557691,
        0.5714688246885925,
        0.5581788520214159,
        0.5581788520214159,
        0.5581788520214159,
        0.5581788520214159,
        0.5581788520214159,
        0.5581788520214159,
        0.5581788520214159,
        0.5581788520214159,
        0.5581788520214159,
        0.5581788520214159,
        0.5581788520214159,
        0.5581788520214159,
        0.5581788520214159,
        0.5581788520214159,
        0.5581788520214159,
        0.5581788520214159,
        0.5581788520214159,
        0.5581788520214159,
        0.5581788520214159,
        0.5581788520214159
      ],
      "interval": [
        [
          1.0,
          1.0
        ],
        [
          1.0,
          1.0
        ],
        [
          0.9194178136040363,
          0.9983343647246911
        ],
        [
          0.9091833287952761,
          0.9940629022333611
        ],
        [
          0.8945661145733695,
          0.9884787467698296
        ],
        [
          0.8945661145733695,
          0.9884787467698296
        ],
        [
          0.8790992500432631,
          0.9820183122350203
        ],
        [
          0.8637879767313165,
          0.974962486134817
        ],
        [
          0.8637879767313165,
          0.974962486134817
        ],
        [
          0.8483932111332058,
          0.967383824782047
        ],
        [
          0.8332817500129776,
          0.9594323133136203
        ],
        [
          0.8332817500129776,
          0.9594323133136203
        ],
        [
          0.8181194262088716,
          0.9510914225319864
        ],
        [
          0.8032108820768301,
          0.9424804904129997
        ],
        [
          0.7885247784575741,
          0.933635708891211
        ],
        [
          0.7740364077517597,
          0.9245850335076341
        ],
        [
          0.7597258936916392,
          0.9153505931122992
        ],
        [
          0.7455769772356032,
          0.9059502585678693
        ],
        [
          0.7455769772356032,
          0.9059502585678693
        ],
        [
          0.7455769772356032,
          0.9059502585678693
        ],
        [
          0.7310004444741389,
          0.8961800244002625
        ],
        [
          0.7165893850403943,
          0.8862596344754005
        ],
        [
          0.7165893850403943,
          0.8862596344754005
        ],
        [
          0.7020288339751689,
          0.8760791840108714
        ],
        [
          0.6876213445670726,
          0.8657640578095743
        ],
        [
          0.6876213445670726,
          0.8657640578095743
        ],
        [
          0.6730439553044856,
          0.8551902411480826
        ],
        [
          0.6586107322878639,
          0.8444925126090401
        ],
        [
          0.6443117372845549,
          0.8336778430673938
        ],
        [
          0.6301385688511517,
          0.8227522933187922
        ],
        [
          0.6160840628992181,
          0.811721160067439
        ],
        [
          0.6021420663691159,
          0.8005890919387719
        ],
        [
          0.5883072633865539,
          0.7893601826642054
        ],
        [
          0.560941376498911,
          0.7666258806800131
        ],
        [
          0.5474027639388538,
          0.7551265148992998
        ],
        [
          0.5339561338711544,
          0.7435424548056918
        ],
        [
          0.5205988035710631,
          0.7318759163719051
        ],
        [
          0.507328430441437,
          0.7201288553188046
        ],
        [
          0.49414297472942803,
          0.7083029916382898
        ],
        [
          0.4810406688213534,
          0.6963998301447204
        ],
        [
          0.46801999191631916,
          0.6844206776803371
        ],
        [
          0.46801999191631916,
          0.6844206776803371
        ],
        [
          0.45471106174969145,
          0.6721480394408701
        ],
        [
          0.4414906661786229,
          0.6597960589157092
        ],
        [
          0.4414906661786229,
          0.6597960589157092
        ],
        [
          0.4414906661786229,
          0.6597960589157092
        ],
        [
          0.4414906661786229,
          0.6597960589157092
        ],
        [
          0.4414906661786229,
          0.6597960589157092
        ],
        [
          0.4414906661786229,
          0.6597960589157092
        ],
        [
          0.4414906661786229,
          0.6597960589157092
        ],
        [
          0.4414906661786229,
          0.6597960589157092
        ],
        [
          0.4414906661786229,
          0.6597960589157092
        ],
        [
          0.4414906661786229,
          0.6597960589157092
        ],
        [
          0.4414906661786229,
          0.6597960589157092
        ],
        [
          0.4414906661786229,
          0.6597960589157092
        ],
        [
          0.4414906661786229,
          0.6597960589157092
        ],
        [
          0.4414906661786229,
          0.6597960589157092
        ],
        [
          0.4414906661786229,
          0.6597960589157092
        ],
        [
          0.4414906661786229,
          0.6597960589157092
        ],
        [
          0.4414906661786229,
          0.6597960589157092
        ],
        [
          0.4414906661786229,
          0.6597960589157092
        ],
        [
          0.4414906661786229,
          0.6597960589157092
        ],
        [
          0.4414906661786229,
          0.6597960589157092
        ]
      ]
    },
