{
  "meta": {
    "identifier": "SAKK",
    "pubmed": "26275735",
    "publication_date": "2015-08-12 00:00:00",
    "arms": 2,
    "disease": "lung_cancer",
    "subjects": 232,
    "weibull_by_arm": {
      "chemo_surgery": {
        "scale": 0.5383113499003741,
        "shape": 0.6857770980441655
      },
      "crt_surgery": {
        "scale": 0.6131225853651854,
        "shape": 0.7567390906373586
      }
    },
    "weibull_max_diff": {
      "scale": 0.8779832332872675,
      "shape": 0.9062266064074663
    }
  },
  "arms": [
    {
      "events": [
        1,
        1,
        1,
        1,
        1,
        1,
        1,
        1,
        1,
        1,
        1,
        1,
        1,
        1,
        1,
        1,
        1,
        1,
        1,
        1,
        1,
        1,
        1,
        1,
        1,
        1,
        1,
        1,
        1,
        1,
        1,
        1,
        1,
        1,
        1,
        1,
        1,
        1,
        1,
        1,
        1,
        1,
        1,
        1,
        1,
        1,
        1,
        1,
        1,
        1,
        1,
        1,
        1,
        1,
        1,
        1,
        1,
        1,
        1,
        1,
        1,
        1,
        1,
        1,
        1,
        1,
        1,
        1,
        1,
        1,
        1,
        1,
        1,
        1,
        1,
        1,
        1,
        1,
        1,
        1,
        1,
        1,
        1,
        1,
        1,
        1,
        0,
        0,
        0,
        0,
        0,
        0,
        0,
        0,
        0,
        0,
        0,
        0,
        0,
        0,
        0,
        0,
        0,
        0,
        0,
        0,
        0,
        0,
        0,
        0,
        0,
        0,
        0,
        0,
        0
      ],
      "time": [
        0.002980769230769231,
        0.009326923076923076,
        0.012461538461538461,
        0.015596153846153846,
        0.03634615384615385,
        0.03711538461538461,
        0.037884615384615385,
        0.03923076923076923,
        0.04076923076923077,
        0.04211538461538462,
        0.04288461538461538,
        0.04384615384615384,
        0.04403846153846154,
        0.04461538461538461,
        0.045384615384615384,
        0.04692307692307692,
        0.04903846153846154,
        0.04942307692307692,
        0.0498076923076923,
        0.050769230769230775,
        0.052884615384615384,
        0.05442307692307692,
        0.05615384615384615,
        0.06403846153846154,
        0.06557692307692307,
        0.0726923076923077,
        0.07346153846153845,
        0.07461538461538461,
        0.08288461538461538,
        0.08846153846153845,
        0.10346153846153847,
        0.10403846153846154,
        0.11134615384615384,
        0.11461538461538462,
        0.1225,
        0.12346153846153846,
        0.12403846153846154,
        0.12634615384615386,
        0.1280769230769231,
        0.13576923076923075,
        0.14134615384615384,
        0.14519230769230768,
        0.1453846153846154,
        0.1473076923076923,
        0.1525,
        0.15384615384615385,
        0.15923076923076923,
        0.16076923076923075,
        0.17134615384615384,
        0.17461538461538462,
        0.17750000000000002,
        0.1778846153846154,
        0.18480769230769228,
        0.18903846153846154,
        0.19096153846153846,
        0.19615384615384615,
        0.2173076923076923,
        0.22307692307692306,
        0.22692307692307695,
        0.23846153846153847,
        0.2519230769230769,
        0.2519230769230769,
        0.27307692307692305,
        0.28846153846153844,
        0.28846153846153844,
        0.28846153846153844,
        0.29038461538461535,
        0.29423076923076924,
        0.3,
        0.3096153846153846,
        0.36538461538461536,
        0.3692307692307692,
        0.37307692307692303,
        0.37884615384615383,
        0.40384615384615385,
        0.42500000000000004,
        0.43076923076923074,
        0.4596153846153846,
        0.5403846153846155,
        0.5480769230769231,
        0.5673076923076923,
        0.6403846153846153,
        0.6673076923076924,
        0.8711538461538461,
        0.9442307692307692,
        1.075,
        0.06576923076923077,
        0.13153846153846155,
        0.1971153846153846,
        0.2653846153846154,
        0.3298076923076923,
        0.39903846153846156,
        0.5278846153846154,
        0.5942307692307692,
        0.6586538461538461,
        0.7259615384615384,
        0.7913461538461538,
        0.8567307692307692,
        0.9721153846153846,
        1.0269230769230768,
        1.080769230769231,
        1.126923076923077,
        1.1798076923076923,
        1.2298076923076924,
        1.2826923076923078,
        1.333653846153846,
        1.4509615384615384,
        1.518269230769231,
        1.583653846153846,
        1.6509615384615384,
        1.7173076923076922,
        1.7836538461538463,
        2.0865384615384617,
        2.394230769230769,
        2.4711538461538463
      ],
      "arm_name": "chemo_surgery"
    },
    {
      "events": [
        1,
        1,
        1,
        1,
        1,
        1,
        1,
        1,
        1,
        1,
        1,
        1,
        1,
        1,
        1,
        1,
        1,
        1,
        1,
        1,
        1,
        1,
        1,
        1,
        1,
        1,
        1,
        1,
        1,
        1,
        1,
        1,
        1,
        1,
        1,
        1,
        1,
        1,
        1,
        1,
        1,
        1,
        1,
        1,
        1,
        1,
        1,
        1,
        1,
        1,
        1,
        1,
        1,
        1,
        1,
        1,
        1,
        1,
        1,
        1,
        1,
        1,
        1,
        1,
        1,
        1,
        1,
        1,
        1,
        1,
        1,
        1,
        1,
        1,
        1,
        1,
        1,
        1,
        1,
        1,
        1,
        1,
        1,
        1,
        1,
        1,
        0,
        0,
        0,
        0,
        0,
        0,
        0,
        0,
        0,
        0,
        0,
        0,
        0,
        0,
        0,
        0,
        0,
        0,
        0,
        0,
        0,
        0,
        0,
        0,
        0,
        0,
        0,
        0,
        0,
        0,
        0
      ],