{
  "time": [
    0.33,
    0.557,
    0.948,
    1.495,
    1.51,
    1.77,
    2.14,
    2.29,
    2.32,
    2.33,
    2.56,
    2.79,
    3.09,
    3.11,
    3.15,
    3.25,
    3.77,
    3.9,
    3.93,
    4.0,
    4.15,
    4.18,
    4.19,
    4.24,
    4.48,
    4.62,
    4.66,
    4.72,
    4.75,
    4.76,
    4.85,
    4.87,
    4.88,
    4.91,
    4.95,
    5.07,
    5.08,
    5.13,
    5.14,
    5.17,
    5.21,
    5.5,
    5.73,
    6.03,
    6.06,
    6.22,
    6.25,
    6.38,
    6.39,
    6.45,
    6.75,
    6.77,
    7.0,
    7.07,
    7.14,
    7.24,
    7.32,
    7.33,
    7.37,
    7.39,
    7.4,
    7.47,
    7.53,
    7.66,
    7.76,
    7.79,
    7.86,
    8.31,
    8.38,
    8.44,
    8.54,
    8.67,
    8.83,
    8.84,
    8.97,
    9.06,
    9.075,
    9.085,
    9.1,
    9.155,
    9.165,
    9.17,
    9.235,
    9.245,
    9.315,
    9.325,
    9.39,
    9.395,
    9.405,
    9.43,
    9.475,
    9.485,
    9.555,
    9.565,
    9.635,
    9.645,
    9.715,
    9.725,
    9.76,
    9.785,
    9.815,
    9.865,
    9.89,
    9.895,
    9.945,
    9.975,
    10.0,
    10.05,
    10.15,
    10.2,
    10.25,
    10.35,
    10.45,
    10.5,
    10.55,
    10.65,
    10.7,
    10.75,
    10.85,
    10.9,
    10.95,
    11.05,
    11.1,
    11.15,
    11.2,
    11.25,
    11.35,
    11.4,
    11.45,
    11.55,
    11.65,
    11.75,
    11.8,
    11.85,
    11.9,
    12.0
  ],
  "probability": [
    0.9950738916256158,
    0.9852216748768473,
    0.9802955665024631,
    0.9802955665024631,
    0.9753445787928546,
    0.9703935910832462,
    0.9654426033736379,
    0.9604916156640295,
    0.9555406279544212,
    0.9505896402448127,
    0.9456386525352043,
    0.940687664825596,
    0.9357366771159875,
    0.9307856894063791,
    0.9258347016967706,
    0.9208837139871622,
    0.9159327262775537,
    0.9109817385679454,
    0.906030750858337,
    0.9010797631487285,
    0.8961287754391202,
    0.8911777877295118,
    0.8862268000199035,
    0.8812758123102951,
    0.8763248246006866,
    0.8713738368910783,
    0.8664228491814698,
    0.8614718614718615,
    0.856520873762253,
    0.8515698860526446,
    0.8466188983430362,
    0.8416679106334278,
    0.8367169229238195,
    0.831765935214211,
    0.8268149475046027,
    0.8218639597949943,
    0.8169129720853859,
    0.8119619843757775,
    0.807010996666169,
    0.8020600089565607,
    0.7971090212469523,
    0.7921580335373438,
    0.7872070458277355,
    0.782256058118127,
    0.7773050704085186,
    0.7723540826989101,
    0.7674030949893018,
    0.7624521072796934,
    0.7525501318604766,
    0.7475991441508683,
    0.7426481564412598,
    0.7376971687316514,
    0.7327461810220429,
    0.7277951933124345,
    0.722844205602826,
    0.7129422301836092,
    0.7079912424740009,
    0.7030402547643926,
    0.6980892670547841,
    0.6931382793451757,
    0.6881872916355674,
    0.683236303925959,
    0.6782853162163506,
    0.6733343285067421,
    0.6683833407971338,
    0.6634323530875254,
    0.6584813653779169,
    0.6535303776683085,
    0.6485793899587,
    0.6436284022490916,
    0.6386774145394832,
    0.6337264268298748,
    0.6287754391202663,
    0.623824451410658,
    0.6188734637010497,
    0.6139224759914412,
    0.6139224759914412,
    0.6139224759914412,
    0.6088903245488885,
    0.6088903245488885,
    0.6088903245488885,
    0.6037735991325113,
    0.6037735991325113,
    0.6037735991325113,
    0.6037735991325113,
    0.6037735991325113,
    0.598477339490998,
    0.598477339490998,
    0.598477339490998,
    0.5930856517478359,
    0.5930856517478359,
    0.5930856517478359,
    0.5930856517478359,
    0.5930856517478359,
    0.5930856517478359,
    0.5930856517478359,
    0.5930856517478359,
    0.5930856517478359,
    0.5872710865346218,
    0.5872710865346218,
    0.5872710865346218,
    0.5872710865346218,
    0.5812785244271257,
    0.5812785244271257,
    0.5812785244271257,
    0.5812785244271257,
    0.5750947103374754,
    0.5750947103374754,
    0.5750947103374754,
    0.5685595431745495,
    0.5685595431745495,
    0.5685595431745495,
    0.5685595431745495,
    0.5613625869318337,
    0.5613625869318337,
    0.5613625869318337,
    0.5461906251228653,
    0.5461906251228653,
    0.5461906251228653,
    0.5379150095907007,
    0.5379150095907007,
    0.5379150095907007,
    0.5290967307449516,
    0.5290967307449516,
    0.5198143319599524,
    0.5198143319599524,
    0.5198143319599524,
    0.49942945619681706,
    0.49942945619681706,
    0.49942945619681706,
    0.49942945619681706,
    0.49942945619681706,
    0.48662357270459095,
    0.48662357270459095,
    0.47310625124057454,
    0.47310625124057454
  ],