{
  "arm_names": [
    "deferred_rt",
    "immediate_rt"
  ],
  "curves": [
    {
      "time": [
        0.33,
        1.51,
        2.14,
        2.29,
        2.79,
        3.09,
        3.25,
        3.77,
        3.9,
        3.93,
        4.0,
        4.18,
        4.19,
        4.62,
        4.72,
        4.75,
        4.87,
        4.88,
        4.91,
        4.95,
        5.13,
        5.14,
        5.73,
        6.06,
        6.25,
        6.75,
        6.77,
        7.0,
        7.14,
        7.24,
        7.32,
        7.33,
        7.37,
        7.47,
        7.53,
        7.66,
        7.76,
        7.79,
        7.86,
        8.38,
        8.44,
        9.075,
        9.155,
        9.17,
        9.235,
        9.315,
        9.395,
        9.43,
        9.475,
        9.555,
        9.635,
        9.715,
        9.785,
        9.865,
        9.945,
        10.05,
        10.15,
        10.2,
        10.25,
        10.35,
        10.45,
        10.55,
        10.65,
        10.7,
        10.75,
        10.85,
        10.95,
        11.05,
        11.1,
        11.15,
        11.25,
        11.35,
        11.4,
        11.45,
        11.55,
        11.65,
        11.75,
        11.8,
        11.85,
        12.0
      ],
      "probability": [
        0.9900990099009901,
        0.9801980198019802,
        0.9702970297029703,
        0.9603960396039604,
        0.9504950495049505,
        0.9405940594059405,
        0.9306930693069306,
        0.9207920792079207,
        0.9108910891089108,
        0.9009900990099009,
        0.891089108910891,
        0.8811881188118811,
        0.8712871287128712,
        0.8613861386138613,
        0.8514851485148514,
        0.8415841584158414,
        0.8316831683168315,
        0.8217821782178216,
        0.8118811881188117,
        0.8019801980198018,
        0.7920792079207919,
        0.782178217821782,
        0.7722772277227721,
        0.7623762376237622,
        0.7524752475247523,
        0.7425742574257423,
        0.7326732673267324,
        0.7227722772277225,
        0.7128712871287126,
        0.7029702970297027,
        0.6930693069306928,
        0.6831683168316829,
        0.673267326732673,
        0.6633663366336631,
        0.6534653465346532,
        0.6435643564356432,
        0.6336633663366333,
        0.6237623762376234,
        0.6138613861386135,
        0.6039603960396036,
        0.5940594059405937,
        0.5940594059405937,
        0.5940594059405937,
        0.5838170023898938,
        0.5838170023898938,
        0.5838170023898938,
        0.5838170023898938,
        0.5730055764197105,
        0.5730055764197105,
        0.5730055764197105,
        0.5730055764197105,
        0.5730055764197105,
        0.5730055764197105,
        0.5730055764197105,
        0.5730055764197105,
        0.5730055764197105,
        0.5730055764197105,
        0.5596798653401823,
        0.5596798653401823,
        0.5596798653401823,
        0.5596798653401823,
        0.5596798653401823,
        0.5596798653401823,
        0.5441332024140662,
        0.5441332024140662,
        0.5441332024140662,
        0.5441332024140662,
        0.5441332024140662,
        0.525995429000264,
        0.525995429000264,
        0.525995429000264,
        0.525995429000264,
        0.5049556118402534,
        0.5049556118402534,
        0.5049556118402534,
        0.5049556118402534,
        0.5049556118402534,
        0.4783790006907664,
        0.4783790006907664,
        0.4783790006907664
      ],
      "interval": [
        [
          0.9317985085826549,
          0.9985993547820936
        ],
        [
          0.9231410157919964,
          0.995010484931889
        ],
        [
          0.9107420320632565,
          0.9903225471436489
        ],
        [
          0.8979196537677638,
          0.984949005601721
        ],
        [
          0.8851540835549313,
          0.9790908280499979
        ],
        [
          0.8725477006212018,
          0.9728640655693489
        ],
        [
          0.8601176510842818,
          0.9663431193903503
        ],
        [
          0.8478578620749374,
          0.9595791697165278
        ],
        [
          0.8357560928565954,
          0.9526092585251936
        ],
        [
          0.8237992507624707,
          0.9454612459387975
        ],
        [
          0.8119750844840393,
          0.9381567267979597
        ],
        [
          0.800272647157409,
          0.9307128499862019
        ],
        [
          0.7886823268911107,
          0.9231435073517744
        ],
        [
          0.777195732114299,
          0.9154601407795262
        ],
        [
          0.7658055393417581,
          0.9076723076939137
        ],
        [
          0.7545053433054596,
          0.8997880880741894
        ],
        [
          0.7432895229472929,
          0.8918143842204936
        ],
        [
          0.7321531263352085,
          0.8837571459830436
        ],
        [
          0.7210917736029328,
          0.8756215429720317
        ],
        [
          0.7101015757070661,
          0.8674120982762369
        ],
        [
          0.6991790665659915,
          0.8591327937271939
        ],
        [
          0.6883211463258359,
          0.8507871537859346
        ],
        [
          0.6775250338078969,
          0.8423783131341883
        ],
        [
          0.6667882265136414,
          0.8339090716796226
        ],
        [
          0.6561084668540718,
          0.8253819397234543
        ],
        [
          0.6454837135174004,
          0.8167991753542162
        ],
        [
          0.634912117092901,
          0.8081628156365968
        ],
        [
          0.6243919992344856,
          0.7994747028015605
        ],
        [
          0.6139218347811615,
          0.7907365063747338
        ],
        [
          0.6035002363589235,
          0.7819497419778607
        ],
        [
          0.5931259410749787,
          0.7731157873846559
        ],
        [
          0.5827977989846947,
          0.7642358962946945
        ],
        [
          0.5725147630677601,
          0.7553112101978914
        ],
        [
          0.5622758804954862,
          0.7463427686309968
        ],
        [
          0.5520802850081161,
          0.7373315180715365
        ],
        [
          0.5419271902511751,
          0.7282783196701885
        ],
        [
          0.531815883944645,
          0.7191839559870661
        ],
        [
          0.521745722779136,
          0.7100491368687675
        ],
        [
          0.5117161279501273,
          0.7008745045798621
        ],
        [
          0.5017265812554128,
          0.6916606382835446
        ],
        [
          0.4917766216926707,
          0.6824080579506212
        ],
        [
          0.4917766216926707,
          0.6824080579506212
        ],
        [
          0.4917766216926707,
          0.6824080579506212
        ],
        [
          0.48144790704663176,
          0.6728544239049075
        ],
        [
          0.48144790704663176,
          0.6728544239049075
        ],
        [
          0.48144790704663176,
          0.6728544239049075
        ],
        [
          0.48144790704663176,
          0.6728544239049075
        ],
        [
          0.4704617356350268,
          0.6628267845925365
        ],
        [
          0.4704617356350268,
          0.6628267845925365
        ],
        [
          0.4704617356350268,
          0.6628267845925365
        ],
        [
          0.4704617356350268,
          0.6628267845925365
        ],
        [
          0.4704617356350268,
          0.6628267845925365
        ],
        [
          0.4704617356350268,
          0.6628267845925365
        ],
        [
          0.4704617356350268,
          0.6628267845925365
        ],
        [
          0.4704617356350268,
          0.6628267845925365
        ],
        [
          0.4704617356350268,
