{
  "meta": {
    "identifier": "SMART",
    "pubmed": "27345639",
    "publication_date": "2016-06-23 00:00:00",
    "arms": 2,
    "disease": "lung_cancer",
    "subjects": 203,
    "weibull_by_arm": {
      "deferred_rt": {
        "scale": 14.209128490180884,
        "shape": 1.6435647068848205
      },
      "immediate_rt": {
        "scale": 14.578042802746317,
        "shape": 1.6317368016517566
      }
    },
    "weibull_max_diff": {
      "scale": 0.9746938380167237,
      "shape": 0.9928035049770069
    }
  },
  "arms": [
    {
      "events": [
        1,
        1,
        1,
        1,
        1,
        1,
        1,
        1,
        1,
        1,
        1,
        1,
        1,
        1,
        1,
        1,
        1,
        1,
        1,
        1,
        1,
        1,
        1,
        1,
        1,
        1,
        1,
        1,
        1,
        1,
        1,
        1,
        1,
        1,
        1,
        1,
        1,
        1,
        1,
        1,
        1,
        1,
        1,
        1,
        1,
        1,
        1,
        1,
        0,
        0,
        0,
        0,
        0,
        0,
        0,
        0,
        0,
        0,
        0,
        0,
        0,
        0,
        0,
        0,
        0,
        0,
        0,
        0,
        0,
        0,
        0,
        0,
        0,
        0,
        0,
        0,
        0,
        0,
        0,
        0,
        0,
        0,
        0,
        0,
        0,
        0,
        0,
        0,
        0,
        0,
        0,
        0,
        0,
        0,
        0,
        0,
        0,
        0,
        0,
        0,
        0
      ],
      "time": [
        0.33,
        1.51,
        2.14,
        2.29,
        2.79,
        3.09,
        3.25,
        3.77,
        3.9,
        3.93,
        4.0,
        4.18,
        4.19,
        4.62,
        4.72,
        4.75,
        4.87,
        4.88,
        4.91,
        4.95,
        5.13,
        5.14,
        5.73,
        6.06,
        6.25,
        6.75,
        6.77,
        7.0,
        7.14,
        7.24,
        7.32,
        7.33,
        7.37,
        7.47,
        7.53,
        7.66,
        7.76,
        7.79,
        7.86,
        8.38,
        8.44,
        9.17,
        9.43,
        10.2,
        10.7,
        11.1,
        11.4,
        11.8,
        9.075,
        9.155,
        9.235,
        9.315,
        9.395,
        9.475,
        9.555,
        9.635,
        9.715,
        9.785,
        9.865,
        9.945,
        10.05,
        10.15,
        10.15,
        10.25,
        10.35,
        10.45,
        10.45,
        10.55,
        10.65,
        10.75,
        10.85,
        10.85,
        10.95,
        11.05,
        11.15,
        11.25,
        11.25,
        11.35,
        11.45,
        11.55,
        11.65,
        11.65,
        11.75,
        11.85,
        12.0,
        12.0,
        12.0,
        12.0,
        12.0,
        12.0,
        12.0,
        12.0,
        12.0,
        12.0,
        12.0,
        12.0,
        12.0,
        12.0,
        12.0,
        12.0,
        12.0
      ],
      "arm_name": "deferred_rt"
    },
    {
      "events": [
        1,
        1,
        1,
        1,
        1,
        1,
        1,
        1,
        1,
        1,
        1,
        1,
        1,
        1,
        1,
        1,
        1,
        1,
        1,
        1,
        1,
        1,
        1,
        1,
        1,
        1,
        1,
        1,
        1,
        1,
        1,
        1,
        1,
        1,
        1,
        1,
        1,
        1,
        1,
        1,
        1,
        1,
        1,
        1,
        1,
        1,
        1,
        1,
        0,
        0,
        0,
        0,
        0,
        0,
        0,
        0,
        0,
        0,
        0,
        0,
        0,
        0,
        0,
        0,
        0,
        0,
        0,
        0,
        0,
        0,
        0,
        0,
        0,
        0,
        0,
        0,
        0,
        0,
        0,
        0,
        0,
        0,
        0,
        0,
        0,
        0,
        0,
        0,
        0,
        0,
        0,
        0,
        0,
        0,
        0,
        0,
        0,
        0,
        0,
        0,
        0,
        0
      ],
      "time": [
        0.557,
        0.557,
        0.948,
        1.77,
        2.32,
        2.33,
        2.56,
        3.11,
        3.15,
        4.15,
        4.24,
        4.48,
        4.66,
        4.76,
        4.85,
        5.07,
        5.08,
        5.17,
        5.21,
        5.5,
        6.03,
        6.22,
        6.38,
        6.39,
        6.39,
        6.45,
        7.07,
        7.24,
        7.39,
        7.4,
        8.31,
        8.54,
        8.67,
        8.83,
        8.84,
        8.97,
        9.06,
        9.1,
        9.39,
        9.76,
        9.89,
        10.0,
        10.5,
        10.7,
        10.9,
        11.2,
        11.4,
        11.9,
        1.495,
        9.085,
        9.165,
        9.245,
        9.325,
        9.405,
        9.485,
        9.565,
        9.645,
        9.725,
        9.815,
        9.895,
        9.975,
        10.05,
        10.15,
        10.25,
        10.25,
        10.35,
        10.45,
        10.55,
        10.65,
        10.75,
        10.75,
        10.85,
        10.95,
        11.05,
        11.15,
        11.15,
        11.25,
        11.35,
        11.45,
        11.55,
        11.55,
        11.65,
        11.75,
        11.85,
        12.0,
        12.0,
        12.0,
        12.0,
        12.0,
        12.0,
        12.0,
        12.0,
        12.0,
        12.0,
        12.0,
        12.0,
        12.0,
        12.0,
        12.0,
        12.0,
        12.0,
        12.0
      ],
      "arm_name": "immediate_rt"
    }
  ]
}